moniker,centralised_exchange_wallet,remarks,val_address,acc_address,prop_69_vote,tokens,shares,ts_ratio,height
üê†stake.fish,,,cosmosvaloper1sjllsnramtg3ewxqwwrwjxfgc4n4ef9u2lcnj0,cosmos1sjllsnramtg3ewxqwwrwjxfgc4n4ef9u0tvx7u,VOTE_OPTION_NO,11483269054299,11483269054299,1,10562840
Binance Staking,yes,,cosmosvaloper156gqf9837u7d4c4678yt3rl4ls9c5vuursrrzf,cosmos156gqf9837u7d4c4678yt3rl4ls9c5vuuxyhkw6,VOTE_NIL,10586045577988,10589222018925,0.9997000308,10562840
Coinbase Custody,yes,,cosmosvaloper1a3yjj7d3qnx4spgvjcwjq9cw9snrrrhu5h6jll,cosmos1a3yjj7d3qnx4spgvjcwjq9cw9snrrrhu3rw8nv,VOTE_NIL,9160585568986,9160585568986,1,10562840
Kraken,yes,,cosmosvaloper1z8zjv3lntpwxua0rtpvgrcwl0nm0tltgpgs6l7,cosmos1z8zjv3lntpwxua0rtpvgrcwl0nm0tltgyuy0nd,VOTE_NIL,8898275385969,8898275385969,1,10562840
SG-1,,,cosmosvaloper196ax4vc0lwpxndu9dyhvca7jhxp70rmcvrj90c,cosmos196ax4vc0lwpxndu9dyhvca7jhxp70rmcfhxsrt,VOTE_OPTION_NO_WITH_VETO,8627275744052,8627275744052,1,10562840
DokiaCapital,,,cosmosvaloper14lultfckehtszvzw4ehu0apvsr77afvyju5zzy,cosmos14lultfckehtszvzw4ehu0apvsr77afvyhgqhwh,VOTE_OPTION_NO,7436852044959,7436852044959,1,10562840
Zero Knowledge Validator (ZKV),,,cosmosvaloper1v5y0tg0jllvxf5c3afml8s3awue0ymju89frut,cosmos1v5y0tg0jllvxf5c3afml8s3awue0ymjuz3aksc,VOTE_OPTION_NO,6559225763498,6559225763498,1,10562840
Paradigm,,Investment firm,cosmosvaloper19lss6zgdh5vvcpjhfftdghrpsw7a4434elpwpu,cosmos19lss6zgdh5vvcpjhfftdghrpsw7a4434ut4md0,VOTE_NIL,6478659865777,6478659865777,1,10562840
GAME,,,cosmosvaloper1qaa9zej9a0ge3ugpx3pxyx602lxh3ztqgfnp42,cosmos1qaa9zej9a0ge3ugpx3pxyx602lxh3ztqda85ee,VOTE_OPTION_NO,6381436983563,6381436983563,1,10562840
Sikka,,,cosmosvaloper1ey69r37gfxvxg62sh4r0ktpuc46pzjrm873ae8,cosmos1ey69r37gfxvxg62sh4r0ktpuc46pzjrmz29g45,VOTE_NIL,6032464458415,6033671122496,0.9998000116,10562840
Polychain,,Investment firm,cosmosvaloper14k4pzckkre6uxxyd2lnhnpp8sngys9m6hl6ml7,cosmos14k4pzckkre6uxxyd2lnhnpp8sngys9m6jtwwnd,VOTE_NIL,5633090069464,5633090069464,1,10562840
Everstake,,,cosmosvaloper1tflk30mq5vgqjdly92kkhhq3raev2hnz6eete3,cosmos1tflk30mq5vgqjdly92kkhhq3raev2hnzldd74z,VOTE_NIL,4997657796462,4997657796462,1,10562840
MultiChain ventures,,Investment company,cosmosvaloper1vf44d85es37hwl9f4h9gv0e064m0lla60j9luj,cosmos1vf44d85es37hwl9f4h9gv0e064m0lla62x32sp,VOTE_OPTION_YES,4606892786768,4607353519772,0.9999000005,10562840
Chorus One,,,cosmosvaloper15urq2dtp9qce4fyc85m6upwm9xul3049e02707,cosmos15urq2dtp9qce4fyc85m6upwm9xul3049um7trd,VOTE_OPTION_NO,3804656487334,3804656487334,1,10562840
Cosmostation,,,cosmosvaloper1clpqr4nrk4khgkxj78fcwwh6dl3uw4epsluffn,cosmos1clpqr4nrk4khgkxj78fcwwh6dl3uw4ep4tgu9q,VOTE_OPTION_NO,3779745860306,3779745860306,1,10562840
P2P.ORG - P2P Validator,,,cosmosvaloper132juzk0gdmwuxvx4phug7m3ymyatxlh9734g4w,cosmos132juzk0gdmwuxvx4phug7m3ymyatxlh9m9paea,VOTE_OPTION_YES,3685595038043,3685595038043,1,10562840
Citadel.one,,,cosmosvaloper1lzhlnpahvznwfv4jmay2tgaha5kmz5qxerarrl,cosmos1lzhlnpahvznwfv4jmay2tgaha5kmz5qxuhfk0v,VOTE_OPTION_NO,2998410775978,2998410775978,1,10562840
B-Harvest,,,cosmosvaloper10e4vsut6suau8tk9m6dnrm0slgd6npe3jx5xpv,cosmos10e4vsut6suau8tk9m6dnrm0slgd6npe3hjqndl,VOTE_OPTION_ABSTAIN,2582742878950,2582742878950,1,10562840
Certus One,,,cosmosvaloper1qwl879nx9t6kef4supyazayf7vjhennyh568ys,cosmos1qwl879nx9t6kef4supyazayf7vjhennyjqwjgr,VOTE_NIL,2542050741840,2542050741840,1,10562840
Cephalopod Equipment,,,cosmosvaloper16k579jk6yt2cwmqx9dz5xvq9fug2tekvlu9qdv,cosmos16k579jk6yt2cwmqx9dz5xvq9fug2tekv6g34pl,VOTE_OPTION_YES,2243570164861,2243794543431,0.9999000004,10562840
hashtower,,,cosmosvaloper1ma02nlc7lchu7caufyrrqt4r6v2mpsj90y9wzd,cosmos1ma02nlc7lchu7caufyrrqt4r6v2mpsj92s3mw7,VOTE_NIL,2031625014747,2031828196530,0.9999000005,10562840
InfStones,,Looks like they work with Binance https://infstones.com/,cosmosvaloper1sd4tl9aljmmezzudugs7zlaya7pg2895ws8tfs,cosmos1sd4tl9aljmmezzudugs7zlaya7pg2895tyn79r,VOTE_NIL,1990614539057,1990614539057,1,10562840
Forbole,,,cosmosvaloper14kn0kk33szpwus9nh8n87fjel8djx0y070ymmj,cosmos14kn0kk33szpwus9nh8n87fjel8djx0y0mmswhp,VOTE_OPTION_NO,1902304026559,1902304026559,1,10562840
Provalidator,,,cosmosvaloper1g48268mu5vfp4wk7dk89r0wdrakm9p5xk0q50k,cosmos1g48268mu5vfp4wk7dk89r0wdrakm9p5xnm5pr9,VOTE_OPTION_NO,1891567415076,1891567415076,1,10562840
BouBouNode,,,cosmosvaloper1eh5mwu044gd5ntkkc2xgfg8247mgc56fz4sdg3,cosmos1eh5mwu044gd5ntkkc2xgfg8247mgc56f8pycyz,VOTE_NIL,1831152965526,1831519250888,0.9998000101,10562840
CoinoneNode,yes,Republic of Korea,cosmosvaloper1te8nxpc2myjfrhaty0dnzdhs5ahdh5agzuym9v,cosmos1te8nxpc2myjfrhaty0dnzdhs5ahdh5ag8gswfl,VOTE_NIL,1724913519629,1724913519629,1,10562840
Huobi,yes,,cosmosvaloper1kn3wugetjuy4zetlq6wadchfhvu3x740ae6z6x,cosmos1kn3wugetjuy4zetlq6wadchfhvu3x740cdwhk4,VOTE_NIL,1703829834038,1703829834038,1,10562840
iqlusion,,Zaki Manian,cosmosvaloper1grgelyng2v6v3t8z87wu3sxgt9m5s03xfytvz7,cosmos1grgelyng2v6v3t8z87wu3sxgt9m5s03xvslewd,VOTE_OPTION_YES,1676711293730,1677214407327,0.9997000302,10562840
NO! Fee to 2025 üí∏ | melea.xyz,,,cosmosvaloper1zqgheeawp7cmqk27dgyctd80rd8ryhqs6la9wc,cosmos1zqgheeawp7cmqk27dgyctd80rd8ryhqsltfszt,VOTE_NIL,1619392838316,1619392838316,1,10562840
Blockpower,,,cosmosvaloper1rpgtz9pskr5geavkjz02caqmeep7cwwpv73axj,cosmos1rpgtz9pskr5geavkjz02caqmeep7cwwpf29g2p,VOTE_OPTION_NO,1578792499946,1579424173802,0.9996000607,10562840
ChainLayer,,,cosmosvaloper1kgddca7qj96z0qcxr2c45z73cfl0c75p7f3s2e,cosmos1kgddca7qj96z0qcxr2c45z73cfl0c75pma99x2,VOTE_OPTION_ABSTAIN,1462763211565,1462909502317,0.9999000001,10562840
Staking Facilities,,,cosmosvaloper1x88j7vp2xnw3zec8ur3g4waxycyz7m0mahdv3p,cosmos1x88j7vp2xnw3zec8ur3g4waxycyz7m0mcreeaj,VOTE_NIL,1402681745694,1402681745694,1,10562840
zugerselfdelegation,,100% commission,cosmosvaloper1gdg6qqe5a3u483unqlqsnullja23g0xvqkxtk0,cosmos1gdg6qqe5a3u483unqlqsnullja23g0xv9zj76u,VOTE_NIL,1394007762107,1394007762107,1,10562840
Figment,,,cosmosvaloper1hjct6q7npsspsg3dgvzk3sdf89spmlpfdn6m9d,cosmos1hjct6q7npsspsg3dgvzk3sdf89spmlpfg8wwf7,VOTE_OPTION_YES,1286459792013,1286459792013,1,10562840
KalpaTech,,,cosmosvaloper1ehkfl7palwrh6w2hhr2yfrgrq8jetgucudztfe,cosmos1ehkfl7palwrh6w2hhr2yfrgrq8jetguceek792,VOTE_OPTION_NO,1266977118602,1266977118602,1,10562840
ShapeShift DAO,,,cosmosvaloper199mlc7fr6ll5t54w7tts7f4s0cvnqgc59nmuxf,cosmos199mlc7fr6ll5t54w7tts7f4s0cvnqgc5q80f26,VOTE_NIL,1243990290431,1243990290431,1,10562840
Staked,,,cosmosvaloper1we6knm8qartmmh2r0qfpsz6pq0s7emv3e0meuw,cosmos1we6knm8qartmmh2r0qfpsz6pq0s7emv3um0vsa,VOTE_NIL,1162686262310,1162686262310,1,10562840
IRISnet-Bianjie,,,cosmosvaloper1ssm0d433seakyak8kcf93yefhknjleeds4y3em,cosmos1ssm0d433seakyak8kcf93yefhknjleed4psy4g,VOTE_OPTION_ABSTAIN,1101919753982,1101919753982,1,10562840
Swiss Staking,,,cosmosvaloper1y0us8xvsvfvqkk9c6nt5cfyu5au5tww2ztve7q,cosmos1y0us8xvsvfvqkk9c6nt5cfyu5au5tww28lcvjn,VOTE_OPTION_NO,1099287225620,1099287225620,1,10562840
Post Road,,,cosmosvaloper19rmlxkqjt950fxl849l49x0me56u9tkd5n5j62,cosmos19rmlxkqjt950fxl849l49x0me56u9tkd38q8ke,VOTE_NIL,1005898996612,1005898996612,1,10562840
DACM,,Investment Manager,cosmosvaloper16fnz0v4cnv5dpnj0p3gaft2q2kzx8z5hfrx6v5,cosmos16fnz0v4cnv5dpnj0p3gaft2q2kzx8z5hvhj0q8,VOTE_NIL,995055077999,995154593229,0.9999000002,10562840
strangelove-ventures,,,cosmosvaloper130mdu9a0etmeuw52qfxk73pn0ga6gawkxsrlwf,cosmos130mdu9a0etmeuw52qfxk73pn0ga6gawkryh2z6,VOTE_OPTION_YES,880700855588,880788933694,0.9999000009,10562840
Imperator.co,,,cosmosvaloper1vvwtk805lxehwle9l4yudmq6mn0g32px9xtkhc,cosmos1vvwtk805lxehwle9l4yudmq6mn0g32pxqjlrmt,VOTE_OPTION_NO,840978892440,840978892440,1,10562840
Allnodes.com ‚ö°Ô∏è 0% fee,,,cosmosvaloper1n229vhepft6wnkt5tjpwmxdmcnfz55jv3vp77d,cosmos1n229vhepft6wnkt5tjpwmxdmcnfz55jv5c4tj7,VOTE_OPTION_ABSTAIN,807095780961,807176491322,0.999900009,10562840
DelegaNetworks ‚àû,,,cosmosvaloper1uutuwrwt3z2a5z8z3uasml3rftlpmu25aga5c6,cosmos1uutuwrwt3z2a5z8z3uasml3rftlpmu25cufp5f,VOTE_OPTION_ABSTAIN,794822125997,794822125997,1,10562840
Cypher Core,,,cosmosvaloper1pjmngrwcsatsuyy8m3qrunaun67sr9x7z5r2qs,cosmos1pjmngrwcsatsuyy8m3qrunaun67sr9x78qhlvr,VOTE_OPTION_NO,752424561288,752499811191,0.9999000001,10562840
e-Money.com // validator.network,,,cosmosvaloper1sxx9mszve0gaedz5ld7qdkjkfv8z992ax69k08,cosmos1sxx9mszve0gaedz5ld7qdkjkfv8z992arw3rr5,VOTE_OPTION_NO,741960733260,742109147464,0.9998000103,10562840
ATEAM,,,cosmosvaloper14l0fp639yudfl46zauvv8rkzjgd4u0zk2aseys,cosmos14l0fp639yudfl46zauvv8rkzjgd4u0zk0fyvgr,VOTE_OPTION_ABSTAIN,726703665302,726921719841,0.9997000302,10562840
01node,,,cosmosvaloper17mggn4znyeyg25wd7498qxl7r2jhgue8u4qjcq,cosmos17mggn4znyeyg25wd7498qxl7r2jhgue8ep585n,VOTE_OPTION_YES,708910745687,708910745687,1,10562840
OKEx Pool,,mining pool,cosmosvaloper19yy989ka5usws6gsd8vl94y7l6ssgdwsrnscjc,cosmos19yy989ka5usws6gsd8vl94y7l6ssgdwsx8yd7t,VOTE_NIL,706638738210,706638738210,1,10562840
Stakecito,,,cosmosvaloper1k2d9ed9vgfuk2m58a2d80q9u6qljkh4vfaqjfq,cosmos1k2d9ed9vgfuk2m58a2d80q9u6qljkh4vvf589n,VOTE_OPTION_ABSTAIN,692268682475,692268682475,1,10562840
0base.vc,,,cosmosvaloper1n3mhyp9fvcmuu8l0q8qvjy07x0rql8q46fe2xk,cosmos1n3mhyp9fvcmuu8l0q8qvjy07x0rql8q4ladl29,VOTE_OPTION_NO,687817735421,687817735421,1,10562840
S16 Research Ventures,,,cosmosvaloper1uhnsxv6m83jj3328mhrql7yax3nge5svrv6t6c,cosmos1uhnsxv6m83jj3328mhrql7yax3nge5svxcw7kt,VOTE_OPTION_YES,668329738427,668597136873,0.9996000604,10562840
Simply Staking,,VC in Malta https://www.simply-vc.com.mt/,cosmosvaloper124maqmcqv8tquy764ktz7cu0gxnzfw54n3vww8,cosmos124maqmcqv8tquy764ktz7cu0gxnzfw54k9cmz5,VOTE_OPTION_NO,639611346158,639611346158,1,10562840
Liqee,,,cosmosvaloper14jlpmqquh0gste6nzf4dn43kc8h50l6fmx6dfs,cosmos14jlpmqquh0gste6nzf4dn43kc8h50l6f7jwc9r,VOTE_OPTION_NO,630253249101,630316279850,0.9999000014,10562840
chainflow-cosmos-prodval-01,,,cosmosvaloper1j0vaeh27t4rll7zhmarwcuq8xtrmvqhudrgcky,cosmos1j0vaeh27t4rll7zhmarwcuq8xtrmvqhughud6h,VOTE_OPTION_NO,614474774406,614536228008,0.9999,10562840
Atomic Wallet,,DEX https://atomicwallet.io/,cosmosvaloper1hjadhj9nqzpye2vkmkz4thahhd0z8dh3udhq74,cosmos1hjadhj9nqzpye2vkmkz4thahhd0z8dh3eer4jx,VOTE_NIL,593656532473,593715903618,0.9999000007,10562840
üåê KysenPool Sky ‚òÅÔ∏è,,,cosmosvaloper146kwpzhmleafmhtaxulfptyhnvwxzlvm87hwnm,cosmos146kwpzhmleafmhtaxulfptyhnvwxzlvmz2rmlg,VOTE_NIL,592003881508,592003881508,1,10562840
pe4x72,,,cosmosvaloper1rwh0cxa72d3yle3r4l8gd7vyphrmjy2kpe4x72,cosmos1rwh0cxa72d3yle3r4l8gd7vyphrmjy2kydpnje,VOTE_NIL,579719506152,579719506152,1,10562840
Blockdaemon,,,cosmosvaloper10nzaaeh2kq28t3nqsh5m8kmyv90vx7ym5mpakx,cosmos10nzaaeh2kq28t3nqsh5m8kmyv90vx7ym304g64,VOTE_NIL,568794319822,568851204746,0.9999000003,10562840
Notional,,,cosmosvaloper1083svrca4t350mphfv9x45wq9asrs60cdmrflj,cosmos1083svrca4t350mphfv9x45wq9asrs60cg0hunp,VOTE_OPTION_NO_WITH_VETO,551891456207,551891456207,1,10562840
DragonStake,,,cosmosvaloper15r4tc0m6hc7z8drq3dzlrtcs6rq2q9l2nvwher,cosmos15r4tc0m6hc7z8drq3dzlrtcs6rq2q9l2kc6z4s,VOTE_NIL,531406217698,531406217698,1,10562840
Umbrella ‚òî,,,cosmosvaloper1lktjhnzkpkz3ehrg8psvmwhafg56kfss3q3t8m,cosmos1lktjhnzkpkz3ehrg8psvmwhafg56kfss5597tg,VOTE_OPTION_NO_WITH_VETO,508277759549,508277759549,1,10562840
HyperblocksPro,,,cosmosvaloper1ul2me6vukg2vac2p6ltxmqlaa7jywdgt8q76ag,cosmos1ul2me6vukg2vac2p6ltxmqlaa7jywdgtz5203m,VOTE_NIL,497885893813,498384053381,0.9990004504,10562840
HashQuark,,"regulatory policy requirements, we hereby reiterate that HashQuark does not provide service or accept user from countries or jurisdictions, including but not limited to, the Mainland China, the United States of America including Puerto Rico, American Samoa (not Samoa), Guam, the Northern Mariana Islands, and the Virgin Islands of the United States (St. Croix, St. John Island, and St. Thomas). https://www.hashquark.io/",cosmosvaloper1cgh5ksjwy2sd407lyre4l3uj2fdrqhpkzp06e6,cosmos1cgh5ksjwy2sd407lyre4l3uj2fdrqhpk84m04f,VOTE_NIL,487457621333,487457621333,1,10562840
AUDIT.one,,,cosmosvaloper1udpsgkgyutgsglauk9vk9rs03a3skc62gup9ny,cosmos1udpsgkgyutgsglauk9vk9rs03a3skc62dg4slh,VOTE_OPTION_NO,468972637250,468972637250,1,10562840
commercio.network,,,cosmosvaloper1fqzqejwkk898fcslw4z4eeqjzesynvrdfr5hte,cosmos1fqzqejwkk898fcslw4z4eeqjzesynvrdvhqz82,VOTE_OPTION_NO_WITH_VETO,452525974882,452525974882,1,10562840
Ztake.org,,,cosmosvaloper102ruvpv2srmunfffxavttxnhezln6fnc54at8c,cosmos102ruvpv2srmunfffxavttxnhezln6fnc3pf7tt,VOTE_NIL,449761534375,449851499933,0.9998000105,10562840
üá®üá≠ Vortex.live üü¢,,,cosmosvaloper1gxju9ky3hwxvqqagrl3dxtl49kjpxq6wlqe6m5,cosmos1gxju9ky3hwxvqqagrl3dxtl49kjpxq6w65d0h8,VOTE_OPTION_NO,448935599854,448935599854,1,10562840
StakeWithUs,,,cosmosvaloper1jlr62guqwrwkdt4m3y00zh2rrsamhjf9num5xr,cosmos1jlr62guqwrwkdt4m3y00zh2rrsamhjf9kg0p2s,VOTE_OPTION_NO,437037319064,437037319064,1,10562840
Compass,,,cosmosvaloper1ff0dw8kawsnxkrgj7p65kvw7jxxakyf8n583gx,cosmos1ff0dw8kawsnxkrgj7p65kvw7jxxakyf8kqnyy4,VOTE_OPTION_NO,436085590104,436129202924,0.9999000002,10562840
cosmosgbt,,https://bitstack.com/,cosmosvaloper1x8rr4hcf54nz6hfckyy2n05sxss54h8wz9puzg,cosmos1x8rr4hcf54nz6hfckyy2n05sxss54h8w834fwm,VOTE_NIL,422055512560,422097722079,0.9999000006,10562840
Easy 2 Stake,,,cosmosvaloper1e0plfg475phrsvrlzw8gwppeva0zk5yg9fgg8c,cosmos1e0plfg475phrsvrlzw8gwppeva0zk5ygqauatt,VOTE_OPTION_NO,408662909612,408662909612,1,10562840
Ping.pub,,,cosmosvaloper1jxv0u20scum4trha72c7ltfgfqef6nsch7q6cu,cosmos1jxv0u20scum4trha72c7ltfgfqef6nscj25050,VOTE_OPTION_NO,401967863063,401967863063,1,10562840
syncnode,,,cosmosvaloper19j2hd230c3hw6ds843yu8akc0xgvdvyuz9v02v,cosmos19j2hd230c3hw6ds843yu8akc0xgvdvyu83c6xl,VOTE_OPTION_ABSTAIN,397532030953,397532030953,1,10562840
kytzu,,,cosmosvaloper1wtv0kp6ydt03edd8kyr5arr4f3yc52vp3u2x3u,cosmos1wtv0kp6ydt03edd8kyr5arr4f3yc52vp5g7na0,VOTE_OPTION_YES,396574481395,396574481395,1,10562840
WeStaking,,,cosmosvaloper1ptyzewnns2kn37ewtmv6ppsvhdnmeapvtfc9y5,cosmos1ptyzewnns2kn37ewtmv6ppsvhdnmeapvwavsg8,VOTE_OPTION_NO,381269755423,381269755423,1,10562840
Staking Fund,,,cosmosvaloper1000ya26q2cmh399q4c5aaacd9lmmdqp90kw2jn,cosmos1000ya26q2cmh399q4c5aaacd9lmmdqp92z6l7q,VOTE_OPTION_YES,356022363091,356022363091,1,10562840
UbikCapital(0%Commission),,,cosmosvaloper1q6d3d089hg59x6gcx92uumx70s5y5wadklue8s,cosmos1q6d3d089hg59x6gcx92uumx70s5y5wadntgvtr,VOTE_OPTION_NO,350066305229,350066305229,1,10562840
nylira.net,,,cosmosvaloper13sduv92y3xdhy3rpmhakrc3v7t37e7ps9l0kpv,cosmos13sduv92y3xdhy3rpmhakrc3v7t37e7psqtmrdl,VOTE_OPTION_NO_WITH_VETO,348155440605,348225082008,0.9998000104,10562840
POSTHUMAN Íùè DVS,,,cosmosvaloper157v7tczs40axfgejp2m43kwuzqe0wsy0rv8puv,cosmos157v7tczs40axfgejp2m43kwuzqe0wsy0xcn5sl,VOTE_OPTION_NO,346011781040,346011781040,1,10562840
Sentinel,,,cosmosvaloper1u6ddcsjueax884l3tfrs66497c7g86skn7pa0u,cosmos1u6ddcsjueax884l3tfrs66497c7g86skk24gr0,VOTE_NIL,336323881847,336357517282,0.9999000009,10562840
Stakin,,,cosmosvaloper1fhr7e04ct0zslmkzqt9smakg3sxrdve6ulclj2,cosmos1fhr7e04ct0zslmkzqt9smakg3sxrdve6etv27e,VOTE_OPTION_YES,333362383612,333362383612,1,10562840
dForce,,,cosmosvaloper1cc99d3xcukhedg4wcw53j7a9q68uza707vpfe7,cosmos1cc99d3xcukhedg4wcw53j7a9q68uza70mc4u4d,VOTE_OPTION_NO,331514743805,331514743805,1,10562840
EZStaking.io,,,cosmosvaloper1gjtvly9lel6zskvwtvlg5vhwpu9c9waw7sxzwx,cosmos1gjtvly9lel6zskvwtvlg5vhwpu9c9wawmyjhz4,VOTE_OPTION_NO_WITH_VETO,322595946298,322595946298,1,10562840
Nocturnal Labs,,,cosmosvaloper1dqp325was50l7ut2lnx6s8xhmtwj3wrtx06gzu,cosmos1dqp325was50l7ut2lnx6s8xhmtwj3wrtrmwaw0,VOTE_OPTION_YES,315843750817,315875338343,0.9999,10562840
Â§©ÁÖß‚òÄ,,,cosmosvaloper1dt93l3qgmhhlp97srjyqyendrgu9nx0suxtwe8,cosmos1dt93l3qgmhhlp97srjyqyendrgu9nx0sejlm45,VOTE_OPTION_NO,295729260765,295758836294,0.9999000012,10562840
stakezone,,,cosmosvaloper1lcwxu50rvvgf9v6jy6q5mrzyhlszwtjxhtscmp,cosmos1lcwxu50rvvgf9v6jy6q5mrzyhlszwtjxjlydhj,VOTE_NIL,295323648257,295353183519,0.9999000002,10562840
DeFi Wallet,,run by crypto.com ,cosmosvaloper1keltez56g3zm9w8wr8gcmmulze48g2q3usuw8c,cosmos1keltez56g3zm9w8wr8gcmmulze48g2q3eygmtt,VOTE_NIL,292890426624,292890426624,1,10562840
FreshATOMS.com,,,cosmosvaloper17h2x3j7u44qkrq0sk8ul0r2qr440rwgjkfg0gh,cosmos17h2x3j7u44qkrq0sk8ul0r2qr440rwgjnau6yy,VOTE_OPTION_NO,292080384358,292080384358,1,10562840
SmartNodes,,,cosmosvaloper1hdrlqvyjfy5sdrseecjrutyws9khtxxaux62l7,cosmos1hdrlqvyjfy5sdrseecjrutyws9khtxxaejwlnd,VOTE_OPTION_NO_WITH_VETO,273595197053,273622556418,0.9999000106,10562840
debo-validator,,closing the validator service,cosmosvaloper1z66j0z75a9flwnez7sa8jxx46cqu4rfhd9q82w,cosmos1z66j0z75a9flwnez7sa8jxx46cqu4rfhg35jxa,VOTE_OPTION_NO,264391015268,264417456842,0.9999000006,10562840
Witval,,,cosmosvaloper1ddle9tczl87gsvmeva3c48nenyng4n56nghmjk,cosmos1ddle9tczl87gsvmeva3c48nenyng4n56kurw79,VOTE_OPTION_ABSTAIN,264156296035,264156296035,1,10562840
#decentralizehk - DHK dao,,,cosmosvaloper1m73mgwn3cm2e8x9a9axa0kw8nqz8a492ms63vn,cosmos1m73mgwn3cm2e8x9a9axa0kw8nqz8a4927ywyqq,VOTE_OPTION_NO,254288989882,254314420491,0.9999000033,10562840
Mythos,,,cosmosvaloper1w0330zv7quttes76vmdhda3tnz045uqs37wfx0,cosmos1w0330zv7quttes76vmdhda3tnz045uqs526u2u,VOTE_NIL,248429367114,248429367114,1,10562840
Smart Stake,,,cosmosvaloper18extdhzzl5c8tr6453e5hzaj3exrdlea90fj3y,cosmos18extdhzzl5c8tr6453e5hzaj3exrdleaqma8ah,VOTE_OPTION_ABSTAIN,248411426931,248411426931,1,10562840
BlockMatrix üöÄ,,,cosmosvaloper1n5pu2rtz4e2skaeatcmlexza7kheedzh8a2680,cosmos1n5pu2rtz4e2skaeatcmlexza7kheedzhzf70tu,VOTE_NIL,234828258711,234875231295,0.9998000105,10562840
firstblock,,,cosmosvaloper1s65zmn32zugl57ysj47s7vmfcek0rtd7he7wde,cosmos1s65zmn32zugl57ysj47s7vmfcek0rtd7jd2mp2,VOTE_NIL,214271385666,214378553210,0.9995001014,10562840
AIR DROP STATION,,,cosmosvaloper1485u80fdxjan4sd3esrvyw6cyurpvddvzuh48y,cosmos1485u80fdxjan4sd3esrvyw6cyurpvddv8grqth,VOTE_OPTION_NO,214168233391,214168233391,1,10562840
CRAFT Airdrop Bonus | Lavender.Five Nodes üêù,,,cosmosvaloper140l6y2gp3gxvay6qtn70re7z2s0gn57zfd832j,cosmos140l6y2gp3gxvay6qtn70re7z2s0gn57zvenyxp,VOTE_OPTION_YES,208332319768,208353154790,0.9999000014,10562840
Citizen Cosmos,,,cosmosvaloper1e859xaue4k2jzqw20cv6l7p3tmc378pc3k8g2u,cosmos1e859xaue4k2jzqw20cv6l7p3tmc378pc5znax0,VOTE_OPTION_NO,203775547244,203816308312,0.9998000108,10562840
üê°grant.fish,,100% commission http://grant.fish/,cosmosvaloper1xym2qygmr9vanpa0m7ndk3n0qxgey3ffzcyd5c,cosmos1xym2qygmr9vanpa0m7ndk3n0qxgey3ff8vscct,VOTE_NIL,199872319684,199872319684,1,10562840
Wetez,,,cosmosvaloper1s05va5d09xlq3et8mapsesqh6r5lqy7mkhwshm,cosmos1s05va5d09xlq3et8mapsesqh6r5lqy7mnr69mg,VOTE_OPTION_YES,190358826148,190358826148,1,10562840
0% Fee to 2023 | Stakewolle.com,,,cosmosvaloper1gf4wlkutql95j7wwsxz490s6fahlvk2s9xpwax,cosmos1gf4wlkutql95j7wwsxz490s6fahlvk2sqj4m34,VOTE_OPTION_NO,188432345411,188432345411,1,10562840
kochacolaj,,100% commission,cosmosvaloper1emaa7mwgpnpmc7yptm728ytp9quamsvu837nc0,cosmos1emaa7mwgpnpmc7yptm728ytp9quamsvuz92x5u,VOTE_NIL,184915048328,184915048328,1,10562840
Rockaway Blockchain Fund,,,cosmosvaloper1thl5syhmscgnj7whdyrydw3w6vy80044hjpnxh,cosmos1thl5syhmscgnj7whdyrydw3w6vy80044jx4x2y,VOTE_OPTION_NO,184517146493,184517146493,1,10562840
Genesis Lab,,,cosmosvaloper1wdrypwex63geqswmcy5qynv4w3z3dyef2qmyna,cosmos1wdrypwex63geqswmcy5qynv4w3z3dyef0503lw,VOTE_NIL,181502613416,181502613416,1,10562840
Blockapsis,,,cosmosvaloper1gf3dm2mvqhymts6ksrstlyuu2m8pw6dhfp9md2,cosmos1gf3dm2mvqhymts6ksrstlyuu2m8pw6dhv43wpe,VOTE_NIL,176767228378,176767228378,1,10562840
Stake Capital,,JAILED,cosmosvaloper1k9a0cs97vul8w2vwknlfmpez6prv8klv03lv3d,cosmos1k9a0cs97vul8w2vwknlfmpez6prv8klv29tea7,,169128789095,178048080038,0.9499051552,10562840
Castlenode,,,cosmosvaloper1qs8tnw2t8l6amtzvdemnnsq9dzk0ag0z52uzay,cosmos1qs8tnw2t8l6amtzvdemnnsq9dzk0ag0z37gh3h,VOTE_NIL,168820301759,168820301759,1,10562840
Huobi-1,yes,,cosmosvaloper12w6tynmjzq4l8zdla3v4x0jt8lt4rcz5gk7zg2,cosmos12w6tynmjzq4l8zdla3v4x0jt8lt4rcz5dz2hye,VOTE_NIL,168191729161,168208549832,0.9999000011,10562840
Stir,,,cosmosvaloper1d0aup392g3enru7eash83sedqclaxvp7fzh6gk,cosmos1d0aup392g3enru7eash83sedqclaxvp7vkr0y9,VOTE_OPTION_NO,167777319168,167794098342,0.9999000014,10562840
StakeLab,,,cosmosvaloper1gpx52r9h3zeul45amvcy2pysgvcwddxrgx6cnv,cosmos1gpx52r9h3zeul45amvcy2pysgvcwddxrdjwdll,VOTE_NIL,167563205433,167563205433,1,10562840
KIRA Staking,,,cosmosvaloper16qme5yxucnaj6snx35nmwze0wyxr8wfgqxsqfw,cosmos16qme5yxucnaj6snx35nmwze0wyxr8wfg9jy49a,VOTE_NIL,160443871276,160443871276,1,10562840
WhisperNodeü§ê,,,cosmosvaloper19ecn7ljwp6el2pc5lldyauwv05ufwut9mm38r5,cosmos19ecn7ljwp6el2pc5lldyauwv05ufwut9709j08,VOTE_OPTION_NO,155851514250,155851514250,1,10562840
NEOPLY,,100% commission,cosmosvaloper142w8q2l0gxsfna72gq8t7e4ee4ul37e9htgtxx,cosmos142w8q2l0gxsfna72gq8t7e4ee4ul37e9jlu724,VOTE_NIL,150223965594,150223965594,1,10562840
Stargaze,,,cosmosvaloper1et77usu8q2hargvyusl4qzryev8x8t9wwqkxfs,cosmos1et77usu8q2hargvyusl4qzryev8x8t9wt5zn9r,VOTE_NIL,140947762106,140961857776,0.9999000037,10562840
cros-nest,,,cosmosvaloper1fsg635n5vgc7jazz9sx5725wnc3xqgr7awxaag,cosmos1fsg635n5vgc7jazz9sx5725wnc3xqgr7c6jg3m,VOTE_NIL,137820774466,137820774466,1,10562840
Golden Ratio Staking,,,cosmosvaloper1nuhls0wyf8slhmuasha5pz0u89jrf9nnugq8ak,cosmos1nuhls0wyf8slhmuasha5pz0u89jrf9nneu5j39,VOTE_OPTION_YES,131287306099,131287306099,1,10562840
Moonstake,,,cosmosvaloper125umsz3fws7gepn5ccsh0sv4gre9r6a3tccz4r,cosmos125umsz3fws7gepn5ccsh0sv4gre9r6a3wvvhes,VOTE_NIL,131171029535,131223509415,0.9996000726,10562840
jabbey,,,cosmosvaloper1xwazl8ftks4gn00y5x3c47auquc62ssuqlj02r,cosmos1xwazl8ftks4gn00y5x3c47auquc62ssu9tx6xs,VOTE_OPTION_YES,129421497599,129421497599,1,10562840
Lightning Capital,,investment firm https://www.lightning.capital/,cosmosvaloper1ha8d55747h8hsaluvz8ld88n24nfaw68rx4x92,cosmos1ha8d55747h8hsaluvz8ld88n24nfaw68xjpnfe,VOTE_NIL,128503351964,128503351964,1,10562840
Binary Holdings,,,cosmosvaloper1e4vye322gkjx8n85jgcclnc7nvdvu82axnr5ll,cosmos1e4vye322gkjx8n85jgcclnc7nvdvu82ar8hpnv,VOTE_OPTION_YES,126510324886,126510324886,1,10562840
MathWalletÈ∫¶Â≠êÈí±ÂåÖ,,https://mathwallet.org/en-us/,cosmosvaloper1x065cjlgejk2p2la0029akfvdy52gtq9mm58ta,cosmos1x065cjlgejk2p2la0029akfvdy52gtq970qj8w,VOTE_NIL,122845388084,122869960731,0.9998000109,10562840
Cosmos Suisse,,,cosmosvaloper1p650epkdwj0jte6sjc3ep0n3wz6jc9ehh8jutg,cosmos1p650epkdwj0jte6sjc3ep0n3wz6jc9ehjnxf8m,VOTE_NIL,120193809337,120229874327,0.999700033,10562840
blockscape,,,cosmosvaloper13x77yexvf6qexfjg9czp6jhpv7vpjdwwkyhe4p,cosmos13x77yexvf6qexfjg9czp6jhpv7vpjdwwnsrvej,VOTE_OPTION_YES,117005131530,117005131530,1,10562840
Cosmic Validator,,,cosmosvaloper1de7qx00pz2j6gn9k88ntxxylelkazfk3g8fgh9,cosmos1de7qx00pz2j6gn9k88ntxxylelkazfk3dnaamk,VOTE_OPTION_NO,114020043517,114042850910,0.9998000103,10562840
"Frens (ü§ù,ü§ù)",,,cosmosvaloper1ej2es5fjztqjcd4pwa0zyvaevtjd2y5wxxp9gd,cosmos1ej2es5fjztqjcd4pwa0zyvaevtjd2y5wrj4sy7,VOTE_OPTION_YES,112720128954,112720128954,1,10562840
Coinbase Cloud,yes,,cosmosvaloper1crqm3598z6qmyn2kkcl9dz7uqs4qdqnr6s8jdn,cosmos1crqm3598z6qmyn2kkcl9dz7uqs4qdqnrlyn8pq,VOTE_OPTION_ABSTAIN,111654952165,111666118443,0.999900003,10562840
Chill Validation,,,cosmosvaloper1sdz4rc95vnzh2f54sacec50vjxnmwdakfym4vh,cosmos1sdz4rc95vnzh2f54sacec50vjxnmwdakvs0qqy,VOTE_OPTION_NO,107682041826,107682041826,1,10562840
Blocks United | blocksunited.com,,,cosmosvaloper1jmykcq8gylmy5tgqtel4xj4q62fdt49sl584xd,cosmos1jmykcq8gylmy5tgqtel4xj4q62fdt49s6qnq27,VOTE_OPTION_NO,104411998439,104422439216,0.9999000141,10562840
Stakely.io,,,cosmosvaloper16yupepagywvlk7uhpfchtwa0stu5f8cyhh54f2,cosmos16yupepagywvlk7uhpfchtwa0stu5f8cyjrqq9e,VOTE_OPTION_ABSTAIN,102689787810,102689787810,1,10562840
zoomerlabs,,,cosmosvaloper1urxrvt5dmkqpe50gwrerjly2z6nvk9exjz2j3h,cosmos1urxrvt5dmkqpe50gwrerjly2z6nvk9exhk78ay,VOTE_NIL,101652020233,101662186446,0.9999000001,10562840
hongkong-chain,,Inactive,cosmosvaloper1hvsdf03tl6w5pnfvfv5g8uphjd4wfw2h4gvnl7,cosmos1hvsdf03tl6w5pnfvfv5g8uphjd4wfw2hsucxnd,,100266050230,100286106019,0.9998000143,10562840
DappPub,,JAILED,cosmosvaloper1wauge4px27c257nfn4k3329wteddqw7gs3n66u,cosmos1wauge4px27c257nfn4k3329wteddqw7g4980k0,,100010569562,100020571545,0.9999000007,10562840
ChainUp,,,cosmosvaloper13maqgtlklmereflvg3lq3e8zrp0jsqhr8ef3kk,cosmos13maqgtlklmereflvg3lq3e8zrp0jsqhrzday69,VOTE_NIL,99961966864,99961966864,1,10562840
CryptoCrew Validators ‚úÖ,,,cosmosvaloper14qazscc80zgzx3m0m0aa30ths0p9hg8vdglqrc,cosmos14qazscc80zgzx3m0m0aa30ths0p9hg8vgut40t,VOTE_OPTION_NO,93530938371,93530938371,1,10562840
0% Fee üåª Sunflower,,,cosmosvaloper1r2dthxctqzhwg299e7aaeqwfkgcc9hg8k3yd7m,cosmos1r2dthxctqzhwg299e7aaeqwfkgcc9hg8n9scjg,VOTE_NIL,93120389259,93120389259,1,10562840
Terra Nodes,,,cosmosvaloper1v69lzl909kje64k8vae24uytpxcnpxgullz2dx,cosmos1v69lzl909kje64k8vae24uytpxcnpxgu6tklp4,VOTE_OPTION_NO,89418458908,89427401615,0.9999000004,10562840
Newroad Network,,,cosmosvaloper1wp9jne5t3e4au7u8gfep90g59j0qdhpeqvlg7n,cosmos1wp9jne5t3e4au7u8gfep90g59j0qdhpe9ctajq,VOTE_NIL,88785733368,88785733368,1,10562840
Any Labs,,,cosmosvaloper1648ynlpdw7fqa2axt0w2yp3fk542junl7rsvq6,cosmos1648ynlpdw7fqa2axt0w2yp3fk542junlmhyevf,VOTE_NIL,87715526460,87750621232,0.9996000624,10562840
NASDAQ-BTCS,,100% commission VC  US public company,cosmosvaloper1tk2xujvwtn0q60u8xelh50u9xzqvrnpk4d00qj,cosmos1tk2xujvwtn0q60u8xelh50u9xzqvrnpksem6vp,VOTE_NIL,84783700165,84817620253,0.9996000821,10562840
ü§ë uGaenn ‚õÖ,,,cosmosvaloper1wlpz5hau2ezu0gmuxav63m53d8s77az9wfzlt6,cosmos1wlpz5hau2ezu0gmuxav63m53d8s77az9tak28f,VOTE_OPTION_NO,83174314449,83174314449,1,10562840
Just-Mining,,French Investment Company https://just-mining.com/,cosmosvaloper1wrx0x9m9ykdhw9sg04v7uljme53wuj03aa5d4f,cosmos1wrx0x9m9ykdhw9sg04v7uljme53wuj03cfqce6,VOTE_NIL,82021854245,82071081789,0.9994001841,10562840
lunamint,,,cosmosvaloper1ec3p6a75mqwkv33zt543n6cnxqwun37rr5xlqv,cosmos1ec3p6a75mqwkv33zt543n6cnxqwun37rxqj2vl,VOTE_OPTION_NO,78014096924,78014096924,1,10562840
tbonestake,,,cosmosvaloper1ed5a27kfyu0yljmna00vtr8mgzp6rwh9zn77zz,cosmos1ed5a27kfyu0yljmna00vtr8mgzp6rwh9882tw3,VOTE_NIL,76825368982,76825368982,1,10562840
Virtual Hive¬ÆÔ∏è,,,cosmosvaloper1zc0z44e42qhzltqc8qpj5qrzn836d3lftnqmgw,cosmos1zc0z44e42qhzltqc8qpj5qrzn836d3lfw85wya,VOTE_OPTION_YES,76671010798,76671010798,1,10562840
MANTRA DAO,,,cosmosvaloper103agss48504gkk3la5xcg5kxplaf6ttnuv234h,cosmos103agss48504gkk3la5xcg5kxplaf6ttnec7yey,VOTE_NIL,75710424151,75710424151,1,10562840
Plural,,Will close validator,cosmosvaloper1uyccnks6gn6g62fqmahf8eafkedq6xq400rjxr,cosmos1uyccnks6gn6g62fqmahf8eafkedq6xq42mh82s,VOTE_OPTION_YES,73769514195,73769514195,1,10562840
Validating Chaos - üååüñ§ NFTs to delegators,,,cosmosvaloper1kg99k8wd67r0ffxwavgnxup7yk46rvttxc53j7,cosmos1kg99k8wd67r0ffxwavgnxup7yk46rvttrvqy7d,VOTE_NIL,72875644621,72882932716,0.9999000027,10562840
Dawns.world,,Inactive,cosmosvaloper1ktecz4dr56j9tsfh7nwg8s9suvhfu70qykhu5s,cosmos1ktecz4dr56j9tsfh7nwg8s9suvhfu70qpzrfcr,,70967425687,70988718635,0.9997000517,10562840
StarCluster,,JAILED,cosmosvaloper1ttfytaf43nkytzp8hkfjfgjc693ky4t3y2n2ku,cosmos1ttfytaf43nkytzp8hkfjfgjc693ky4t3p78l60,,68016609086,68077854189,0.9991003667,10562840
Blockscale,,Inactive,cosmosvaloper1s7jnk7t6yqzensdgpvkvkag022udk842qdjdtd,cosmos1s7jnk7t6yqzensdgpvkvkag022udk8429exc87,,59759258324,59824896358,0.9989028308,10562840
Tavis Digital,,Inactive - Swiss Asset Manager,cosmosvaloper10f9wkd6vdspac05djyfwfx0uxcqxapnqhnkcg8,cosmos10f9wkd6vdspac05djyfwfx0uxcqxapnqj8zdy5,,54074766622,54074766622,1,10562840
polkachu.com,,,cosmosvaloper1gp957czryfgyvxwn3tfnyy2f0t9g2p4pqeemx8,cosmos1gp957czryfgyvxwn3tfnyy2f0t9g2p4p9ddw25,VOTE_OPTION_YES,51667449941,51667449941,1,10562840
stake.systems,,,cosmosvaloper1ualhu3fjgg77g485gmyswkq3w0dp7gys6qzwrv,cosmos1ualhu3fjgg77g485gmyswkq3w0dp7gysl5km0l,VOTE_OPTION_NO,50642419584,50642419584,1,10562840
PUPM√òS,,,cosmosvaloper1vygmh344ldv9qefss9ek7ggsnxparljlmj56q5,cosmos1vygmh344ldv9qefss9ek7ggsnxparljl7xq0v8,VOTE_OPTION_YES,48667449156,48667449156,1,10562840
DSRV,,Inactive,cosmosvaloper1wlagucxdxvsmvj6330864x8q3vxz4x02rmvmsu,cosmos1wlagucxdxvsmvj6330864x8q3vxz4x02x0cwu0,,45481438616,45481438616,1,10562840
1% Fee+Auto-compound ü•á TienThuatToan Capital,,,cosmosvaloper13ql36flc4cdjhx08hke5vpr4dyv03aafnmvtnc,cosmos13ql36flc4cdjhx08hke5vpr4dyv03aafk0c7lt,VOTE_OPTION_YES,43515264468,43515264468,1,10562840
tokenweb,,JAILED,cosmosvaloper1kgquh04ffqvadekf6e47070gskm0s0h28cl7ht,cosmos1kgquh04ffqvadekf6e47070gskm0s0h2zvttmc,,43501028103,43666653901,0.9962070417,10562840
Klub Staking,,,cosmosvaloper1wqy2s6nwnxj57l0l5rdjxxr646p3al6y70435m,cosmos1wqy2s6nwnxj57l0l5rdjxxr646p3al6ymmpycg,VOTE_OPTION_NO,43337137721,43337137721,1,10562840
Moonlet,,,cosmosvaloper1yfnaup5wa3vdzx3wx9auhvzl85saqj37tqxqnu,cosmos1yfnaup5wa3vdzx3wx9auhvzl85saqj37w5j4l0,VOTE_NIL,38155119728,38155119728,1,10562840
danku_zone w/ DAIC,,,cosmosvaloper140e7u946a2nqqkvcnjpjm83d0ynsqem8dnp684,cosmos140e7u946a2nqqkvcnjpjm83d0ynsqem8g840tx,VOTE_OPTION_YES,36509289287,36509289287,1,10562840
üßä IcyCRO.org | Win 20k+ CRO,,,cosmosvaloper1ukpah0340rx7k3x2njnavwyjv6pfpvn632df9q,cosmos1ukpah0340rx7k3x2njnavwyjv6pfpvn657eufn,VOTE_OPTION_NO,36256045248,36256045248,1,10562840
airdropdao,,Inactive,cosmosvaloper1kqld7f3tu3ha5ht3qv2rq9ac9683d3xf356rc9,cosmos1kqld7f3tu3ha5ht3qv2rq9ac9683d3xf5qwk5k,,36186697580,36186697580,1,10562840
Foundry USA,,Inactive,cosmosvaloper1awguwfrm22sh7yewkywrjujukc75a3r3tpwfyp,cosmos1awguwfrm22sh7yewkywrjujukc75a3r3w46ugj,,35460253082,35460253082,1,10562840
Tessellated Geometry,,Inactive,cosmosvaloper1fun809ksxh87nzf88yashp9ynjz6xkscrtvzvw,cosmos1fun809ksxh87nzf88yashp9ynjz6xkscxlchqa,,34231454654,34234878108,0.999900001,10562840
securesecrets,,Inactive,cosmosvaloper15ytx6mflyrxynjerqlud6w646v6u3qvtjtfane,cosmos15ytx6mflyrxynjerqlud6w646v6u3qvthlagl2,,33752306313,33752306313,1,10562840
Firmamint,,JAILED,cosmosvaloper19kwwdw0j64xhrmgkz49l0lmu5uyujjayxakwsn,cosmos19kwwdw0j64xhrmgkz49l0lmu5uyujjayrfzmuq,,33303862237,33303862237,1,10562840
Dominator,,Inactive,cosmosvaloper1slt7tkd7srlaxnt8vk6uff7j3mc7pk233rs0r5,cosmos1slt7tkd7srlaxnt8vk6uff7j3mc7pk235hy608,,33050901530,33064125058,0.9996000642,10562840
SIGN Capital,,JAILED,cosmosvaloper1r50v53ua3mgfczlgf6jclycx2edcsaaftfjzs6,cosmos1r50v53ua3mgfczlgf6jclycx2edcsaafwaxhuf,,33043390407,33050000002,0.9998000123,10562840
Certify Network,,JAILED,cosmosvaloper15jlcxs57cku65nrve3hfjlmcr8kaavxcn30mz2,cosmos15jlcxs57cku65nrve3hfjlmcr8kaavxck9mwwe,,32997900413,33001200518,0.9999000005,10562840
SNZPool,,Inactive,cosmosvaloper1s6x9fy4wc49wj9jx4jv6czredqsmp46h7vnk2q,cosmos1s6x9fy4wc49wj9jx4jv6czredqsmp46hmc8rxn,,32799806391,32799806391,1,10562840
Cosmos Spaces ‚òÆÔ∏è üíú ‚öõÔ∏è,,,cosmosvaloper13p5ckpmc9g2v8ez5qsxs00wadqvcc7q0qheh26,cosmos13p5ckpmc9g2v8ez5qsxs00wadqvcc7q09rdzxf,VOTE_OPTION_NO,32754548588,32754548588,1,10562840
Ledger,,https://www.ledger.com/staking-cosmos,cosmosvaloper10wljxpl03053h9690apmyeakly3ylhejrucvtm,cosmos10wljxpl03053h9690apmyeakly3ylhejxgve8g,VOTE_NIL,31524961939,31524961939,1,10562840
Sunshine Validation #solarpower,,JAILED,cosmosvaloper1cv6hnl6sq4srccnzveqe8ggc2tepvvx45vwcwz,cosmos1cv6hnl6sq4srccnzveqe8ggc2tepvvx43c6dz3,,30070858218,30070858218,1,10562840
ITA Stakers,,,cosmosvaloper1usvshtypjw57edkwxq3tagme665398f0hf4wuc,cosmos1usvshtypjw57edkwxq3tagme665398f0japmst,VOTE_OPTION_NO,29340220496,29340220496,1,10562840
Nodeasy.com,,Inactive,cosmosvaloper1mykn77lkynl8fkwvl9tqg369u0zajzzcdhkptq,cosmos1mykn77lkynl8fkwvl9tqg369u0zajzzcgrz58n,,26991086771,26993786138,0.9999000004,10562840
"Stake Frites (ü•© , üçü)",,,cosmosvaloper1uepjmgfuk6rnd0djsglu88w7d0t49lmljdpae2,cosmos1uepjmgfuk6rnd0djsglu88w7d0t49lmlhe4g4e,VOTE_OPTION_NO,24420445665,24420445665,1,10562840
Valnodes - Carbon Neutral Staking,,Inactive,cosmosvaloper1ky5k0305lm4t4xa72a2g5ahfdzqxnwx358agra,cosmos1ky5k0305lm4t4xa72a2g5ahfdzqxnwx33nfa0w,,24332760911,24335194142,0.9999000119,10562840
Cryptium Labs,,JAILED,cosmosvaloper1kj0h4kn4z5xvedu2nd9c4a9a559wvpuvu0h6qn,cosmos1kj0h4kn4z5xvedu2nd9c4a9a559wvpuvemr0vq,,23792547545,23797306736,0.9998000114,10562840
High Stakes üá®üá≠,,,cosmosvaloper1yh089p0cre4nhpdqw35uzde5amg3qzexkeggdn,cosmos1yh089p0cre4nhpdqw35uzde5amg3qzexnduapq,VOTE_OPTION_NO,22592452926,22594711118,0.9999000566,10562840
Bison Trails,,JAILED,cosmosvaloper1uxh465053nq3at4dn0jywgwq3s9sme3la3drx6,cosmos1uxh465053nq3at4dn0jywgwq3s9sme3lc9ek2f,,18212291982,18212291982,1,10562840
Kraken,yes,JAILED,cosmosvaloper1nm0rrq86ucezaf8uj35pq9fpwr5r82clzyvtd8,cosmos1nm0rrq86ucezaf8uj35pq9fpwr5r82cl8sc7p5,,16568362670,16568362670,1,10562840
Numenor.one,,JAILED,cosmosvaloper1vh3mytf5mahtqkdzg76v6j6xtu7wks9dejqlhe,cosmos1vh3mytf5mahtqkdzg76v6j6xtu7wks9dux52m2,,15772907387,15772907387,1,10562840
in3s.com,,,cosmosvaloper1rcp29q3hpd246n6qak7jluqep4v006cdsc2kkl,cosmos1rcp29q3hpd246n6qak7jluqep4v006cd4v7r6v,VOTE_OPTION_NO,14068653382,14068653382,1,10562840
SSSnodes,,JAILED,cosmosvaloper1vrg6ruw00lhszl4sjgwt5ldvl8z0f7pfp5va85,cosmos1vrg6ruw00lhszl4sjgwt5ldvl8z0f7pfyqcgt8,,13765341174,13766717829,0.9999000012,10562840
Earn Stash,,Inactive,cosmosvaloper1w024sqzpvj5g57maxmvnlzellzwapwsv42360d,cosmos1w024sqzpvj5g57maxmvnlzellzwapwsvs790r7,,10941669930,10941669930,1,10562840
hoo.com,,JAILED,cosmosvaloper1l5rgg6k87m6x5hl50xg5q7t680d672z87gzd7a,cosmos1l5rgg6k87m6x5hl50xg5q7t680d672z8mukcjw,,10500087904,10501138004,0.9999000013,10562840
binance staking,yes,JAILED,cosmosvaloper18ruzecmqj9pv8ac0gvkgryuc7u004te9rh7w5s,cosmos18ruzecmqj9pv8ac0gvkgryuc7u004te9xr2mcr,,8338906232,8339740118,0.9999000106,10562840
Chemical Bros by Bites Digital,,Inactive,cosmosvaloper14ts0j42qkpr43a3tgxr7zz6l6zdf7hde8va8km,cosmos14ts0j42qkpr43a3tgxr7zz6l6zdf7hdezcfj6g,,5224200000,5224200000,1,10562840
ÁúüÊú¨ËÅ™&IOSG,,JAILED,cosmosvaloper1qdxmyqkvt8jsxpn5pp45a38ngs36mn2604cqk9,cosmos1qdxmyqkvt8jsxpn5pp45a38ngs36mn262pv46k,,5206066866,5206066866,1,10562840
noogra.nuts,,Inactive,cosmosvaloper13hule0xx8gvzjrgstqjct0kwygfh7kd03dr93f,cosmos13hule0xx8gvzjrgstqjct0kwygfh7kd05ehsa6,,2807414786,2807414786,1,10562840
stake2earn,,JAILED,cosmosvaloper1xhhquwctvwm40qn3nmmqq067pc2gw22eqkwgt0,cosmos1xhhquwctvwm40qn3nmmqq067pc2gw22e9z6a8u,,2725509880,2725509880,1,10562840
Knowable,,Inactive,cosmosvaloper174xdfjpucznezq4z8t3qv4hnk735xremdzntve,cosmos174xdfjpucznezq4z8t3qv4hnk735xremgk87q2,,2518999999,2518999999,1,10562840
Cobo,,JAILED,cosmosvaloper1pz0lfq40sa63n0wany3v95x3yvznc5gyf8u28w,cosmos1pz0lfq40sa63n0wany3v95x3yvznc5gyvnglta,,2291647040,2292563794,0.9996001184,10562840
BlueStake üöÄ,,Inactive,cosmosvaloper12xx74t5sx3vgyew7es9h8e9py4ttts6zcg3vxk,cosmos12xx74t5sx3vgyew7es9h8e9py4ttts6zau9e29,,2043033576,2043033576,1,10562840
AirGap üõ°,,JAILED,cosmosvaloper1n3f5lm7xtlrp05z9ud2xk2cnvk2xnzkm2he6er,cosmos1n3f5lm7xtlrp05z9ud2xk2cnvk2xnzkm0rd04s,,1650016754,1650181755,0.9999000104,10562840
LikeCoin by Liker Land,,Inactive,cosmosvaloper1yat0v9mqt88m2x3uew0zrpzn7tjzas6eplz6s2,cosmos1yat0v9mqt88m2x3uew0zrpzn7tjzas6eytk0ue,,1474338003,1474338003,1,10562840
i-Crypto,,JAILED,cosmosvaloper1kug7dugqz6cwee3v2z34psyw2kd9788vda0n2s,cosmos1kug7dugqz6cwee3v2z34psyw2kd9788vgfmxxr,,1423999999,1423999999,1,10562840
Crypto Lion ü¶Å (0% fee),,Inactive,cosmosvaloper16lhapna7nfm0j3pnwt7tn4lxtx3q7hs4sf66t8,cosmos16lhapna7nfm0j3pnwt7tn4lxtx3q7hs44aw085,,1172370338,1172370338,1,10562840
DeBank,,JAILED,cosmosvaloper1wd8vquxza6svsvvnh489tdvg9vdjjfpepcfvf9,cosmos1wd8vquxza6svsvvnh489tdvg9vdjjfpeyvae9k,,1017413119,1017514802,0.9999000676,10562840
BlockNgine üõ°Ô∏è Slash Protected,,Inactive,cosmosvaloper1gxgyhqagmvyg8sgwgpa79scrwqp4wn4hw4e3cl,cosmos1gxgyhqagmvyg8sgwgpa79scrwqp4wn4htpdy5v,,891621144,891621144,1,10562840
tokenpocket,,JAILED,cosmosvaloper1qtxec3ggeuwnca9mmngw7vf6ctw54cppey02fs,cosmos1qtxec3ggeuwnca9mmngw7vf6ctw54cppusml9r,,883350665,883435145.6,0.9999043726,10562840
Kleomedes,,Inactive,cosmosvaloper1sgcfa5z7dmhekhf79m040natu37unyuek54tp7,cosmos1sgcfa5z7dmhekhf79m040natu37unyuenqp7dd,,588463924,588463924,1,10562840
F4RM,,JAILED,cosmosvaloper14az9dmutwtz4vuycvae8csm4wwwtm0aumtlppe,cosmos14az9dmutwtz4vuycvae8csm4wwwtm0au7lt5d2,,480418988,480467031.6,0.9999000064,10562840
noma,,JAILED,cosmosvaloper1r8kyvg4me2upnvlk26n2ay0zd5t4jktna8hhxp,cosmos1r8kyvg4me2upnvlk26n2ay0zd5t4jktncnrz2j,,434343252,434343252,1,10562840
X-Stake,,JAILED,cosmosvaloper1zxphhzuweenrq3vvgsgj6g25axdpghtglg0veq,cosmos1zxphhzuweenrq3vvgsgj6g25axdpghtg6ume4n,,424802979,424845454.8,0.9999000207,10562840
EcoStake.net üå≥ We donate 1/3 of all revenue.,,Inactive,cosmosvaloper1y3aaqvxn6hyqh05ektsy0zrymvne3qcq6mffu0,cosmos1y3aaqvxn6hyqh05ektsy0zrymvne3qcql0ausu,,419033739,419033739,1,10562840
Dont Use,,JAILED,cosmosvaloper1vk706z2tfnqhdg6jrkngyx7f463jq58nj0x7p7,cosmos1vk706z2tfnqhdg6jrkngyx7f463jq58nhmjtdd,,390217760,410755293.8,0.950000562,10562840
CosmosLink,,JAILED,cosmosvaloper1l9fwl9c77zx850htsr20pq3ltc379xt86ndelm,cosmos1l9fwl9c77zx850htsr20pq3ltc379xt8l8evng,,307795477,307826255.1,0.9999000146,10562840
cephalopod equipment coop,,JAILED,cosmosvaloper1fghgwhgtxtcshj4a9alp7u2qv6n2wffqhpxcnk,cosmos1fghgwhgtxtcshj4a9alp7u2qv6n2wffqj4jdl9,,281161932,281161932,1,10562840
BlockPool,,JAILED,cosmosvaloper16v3f95amtvpewuajjcdsvaekuuy4yyzups85ec,cosmos16v3f95amtvpewuajjcdsvaekuuy4yyzuyynp4t,,231545459,231568614.7,0.9999000048,10562840
Unstake as we will shut down,,Inactive - closing validator,cosmosvaloper1q9p73lx07tjqc34vs8jrsu5pg3q4ha534uqv4w,cosmos1q9p73lx07tjqc34vs8jrsu5pg3q4ha53sg5eea,,216009560,216009560,1,10562840
HLT,,Inactive,cosmosvaloper1998928nfs697ep5d825y5jah0nq9zrtd00yyj7,cosmos1998928nfs697ep5d825y5jah0nq9zrtd2ms37d,,214104045,214361133.5,0.998800676,10562840
NosNode‚öõÔ∏è,,Inactive,cosmosvaloper10jm8fvdyqlj78w0j5nawc76wsn4pqmdxl683c7,cosmos10jm8fvdyqlj78w0j5nawc76wsn4pqmdx6wny5d,,179329321,179329321,1,10562840
OneSixtyTwo,,JAILED,cosmosvaloper1pgsjyvkg3y2m7qas534zzdhsqsxqyph2jh3uck,cosmos1pgsjyvkg3y2m7qas534zzdhsqsxqyph2hr9f59,,172046964,172098580.4,0.9997000766,10562840
Please Redelegate,,JAILED,cosmosvaloper1jknayw5aejl5l2lctpxw8uy7x0xmc5vmu4q2zr,cosmos1jknayw5aejl5l2lctpxw8uy7x0xmc5vmep5lws,,149549144,149549144,1,10562840
1ED471CB34E3,,JAILED,cosmosvaloper1fypv7c7z3auv7w48qn76538w55jdk66xt5a3lk,cosmos1fypv7c7z3auv7w48qn76538w55jdk66xwqfyn9,,148923983,148923983,1,10562840
Laomedeia,,JAILED,cosmosvaloper12r4rsw7s2vnccwealt5zu0kukdxgwamyltmrud,cosmos12r4rsw7s2vnccwealt5zu0kukdxgwamy6l0ks7,,139986000,140000000,0.9999,10562840
Active Nodes,,Inactive,cosmosvaloper1dzv2cfhynf9xqgz9xae4y94ychxy4gus6rhw8u,cosmos1dzv2cfhynf9xqgz9xae4y94ychxy4guslhrmt0,,130000000,130000000,1,10562840
Fenbushi US - Staked,,JAILED,cosmosvaloper1m83cwjucw9nt8xm66u8xavvy6v9m7xfspcszc5,cosmos1m83cwjucw9nt8xm66u8xavvy6v9m7xfsyvyh58,,103233749,103233749,1,10562840
darkqueen,,JAILED,cosmosvaloper1f63lrmnn4upu722kxdhw04taxa6w50lnar88dx,cosmos1f63lrmnn4upu722kxdhw04taxa6w50lnchnjp4,,100990003,101000101,0.9999000198,10562840
RockX,,JAILED,cosmosvaloper13ce7hhqa0z3tpc2l7jm0lcvwe073hdkkpp2nst,cosmos13ce7hhqa0z3tpc2l7jm0lcvwe073hdkky47xuc,,100347732,100347732,1,10562840
HelloPool,,JAILED,cosmosvaloper1unap36cmuaxsmgtshm893hjkneta5vp6udzc0j,cosmos1unap36cmuaxsmgtshm893hjkneta5vp6eekdrp,,99990000,100000000,0.9999,10562840
Wolf 1,,JAILED,cosmosvaloper1v6fqxzhzvvjgqmcreffvvvazvws46pwcvyaw4x,cosmos1v6fqxzhzvvjgqmcreffvvvazvws46pwcfsfme4,,83557547,83557547,1,10562840
omega3,,JAILED,cosmosvaloper1s6t3wzx6mcv3pjg5fp2ddzplm3gj4pg6d330wg,cosmos1s6t3wzx6mcv3pjg5fp2ddzplm3gj4pg6g996zm,,64958471,64958471,1,10562840
piggy-coin.com üê∑,,JAILED,cosmosvaloper1zp6kg7qlmztyw2km2af4z5ruz5vn04cp9npe79,cosmos1zp6kg7qlmztyw2km2af4z5ruz5vn04cpq84vjk,,60341862,60353924.27,0.9998001411,10562840
Cosmos-Validator.com,,JAILED,cosmosvaloper1tpxs9gf9gg74mdu7ya4gxhr5560jsxnp4zq979,cosmos1tpxs9gf9gg74mdu7ya4gxhr5560jsxnpsk5sjk,,56944987,56956366.49,0.9998002069,10562840
Anonstake,,JAILED,cosmosvaloper1vjn3559ncztu87qj8v4ryasgny7vjfx7jhxzu6,cosmos1vjn3559ncztu87qj8v4ryasgny7vjfx7hrjhsf,,55452147,55463235.1,0.999800082,10562840
Sanka Network,,JAILED,cosmosvaloper1uyt0yuv7cz7ppwefl9ths336ln7ysvg2jlj76t,cosmos1uyt0yuv7cz7ppwefl9ths336ln7ysvg2htxtkc,,52966250,52966250,1,10562840
,,JAILED,cosmosvaloper1p42rgfdq500nlt387l4f0vfv5p90dl6ftr8jds,cosmos1p42rgfdq500nlt387l4f0vfv5p90dl6fwhn8pr,,47662336,47662336,1,10562840
lino-network,,JAILED,cosmosvaloper1mrnrqgl4d5hqsfdcgnjfarjnlk43rs89gyz94x,cosmos1mrnrqgl4d5hqsfdcgnjfarjnlk43rs89dskse4,,45996400,46001000,0.9999000022,10562840
melange,,JAILED,cosmosvaloper1cz6q5nys0tgupq2mt99amsltepglxqgwfs6fum,cosmos1cz6q5nys0tgupq2mt99amsltepglxqgwvywusg,,45729023,45729023,1,10562840
CryptoGoose,,JAILED,cosmosvaloper1qmr8acxu0d9ytase8v9mza6k96y479getstqn2,cosmos1qmr8acxu0d9ytase8v9mza6k96y479gewyl4le,,43587634,43587634,1,10562840
Messi,,JAILED,cosmosvaloper19mt9kqgt8a7y78cctaw9dk0z79a4r30hdfk3ys,cosmos19mt9kqgt8a7y78cctaw9dk0z79a4r30hgazygr,,39399000,39399000,1,10562840
MyCosmosValidator,,JAILED,cosmosvaloper1zf37grr7nxffaacqfdyw5laeetnxm546aqz6uj,cosmos1zf37grr7nxffaacqfdyw5laeetnxm546c5k0sp,,38535414,38539266.93,0.9999000259,10562840
Cobak,?,JAILED https://cobak.co.kr/,cosmosvaloper1ptz7xq0fanh4kfvp6fdhevkx90axaq7drwcwjl,cosmos1ptz7xq0fanh4kfvp6fdhevkx90axaq7dx6vm7v,,37475301,37479001,0.999901278,10562840
mythos-legacy,,JAILED,cosmosvaloper1w42lm7zv55jrh5ggpecg0v643qeatfkd9aqf3f,cosmos1w42lm7zv55jrh5ggpecg0v643qeatfkdqf5ua6,,36880080,36887455.96,0.9998000416,10562840
#NGC StakeX,,JAILED,cosmosvaloper1wukx88lfn7l4gfmrgsy96h6kf5tvrv3ucg502l,cosmos1wukx88lfn7l4gfmrgsy96h6kf5tvrv3uauq6xv,,32856607,32859889.48,0.9999001068,10562840
Validatrium.com - 0% fee,,Inactive,cosmosvaloper102zp2v3ysn8nhuk5q7lvxzsthg8usmw2c0s405,cosmos102zp2v3ysn8nhuk5q7lvxzsthg8usmw2amyqr8,,29900000,29900000,1,10562840
BTC.Secure,,JAILED,cosmosvaloper1wa9zrywwzzwcvarngjq3rrhv6z9gzw4htq3sv3,cosmos1wa9zrywwzzwcvarngjq3rrhv6z9gzw4hw599qz,,29686143,29689104.68,0.9999002437,10562840
Bitrue,yes,JAILED,cosmosvaloper1ewtwxeksk59k0an3etj3n93al64l5qws2jw02z,cosmos1ewtwxeksk59k0an3etj3n93al64l5qws0x66x3,,28983337,28985240.36,0.9999343333,10562840
DO NOT STAKE | Bity.com,yes,JAILED,cosmosvaloper1uv26ytrnmydyctq0s58ve2k6wn2p653mqs80fm,cosmos1uv26ytrnmydyctq0s58ve2k6wn2p653m9yn69g,,27002066,27002066,1,10562840
',,JAILED,cosmosvaloper1f6ne5ahjrrntmt88eunyatw2jj8w5rn2qmj6p2,cosmos1f6ne5ahjrrntmt88eunyatw2jj8w5rn290x0de,,22178571,22180771,0.999900815,10562840
gf.network,,JAILED,cosmosvaloper1dse76yk5jmj85jsd77ewsczc4k3u4s7a870wtj,cosmos1dse76yk5jmj85jsd77ewsczc4k3u4s7az2mm8p,,20991705,21000003.07,0.999604854,10562840
Masternode24.de,,JAILED,cosmosvaloper1lmu2hvm0prpkmacy7lw9uy3wp7fescmsuevrc9,cosmos1lmu2hvm0prpkmacy7lw9uy3wp7fescmsedck5k,,20432840,20436925.53,0.9998000906,10562840
Consensus One,,Inactive,cosmosvaloper1dm6n0u6l7vwn7nyy87gzmfjryg5jsg9kzn6kng,cosmos1dm6n0u6l7vwn7nyy87gzmfjryg5jsg9k88wrlm,,18834481,18834481,1,10562840
IZ0,,JAILED,cosmosvaloper1eup5t8pp8jq354heck53qtama7vss9l354kh6r,cosmos1eup5t8pp8jq354heck53qtama7vss9l33pzzks,,16067733,16069338.98,0.9999000592,10562840
UniverseDAO,,Inactive,cosmosvaloper10rt48q0geutn5ajrw502xuq7k5u6jq0kpf60j9,cosmos10rt48q0geutn5ajrw502xuq7k5u6jq0kyaw67k,,16000000,16000000,1,10562840
Bit Catüê±,,JAILED,cosmosvaloper1wwspfe7whh3zu4ql5rvpg044lyk6cuu7fpnd9e,cosmos1wwspfe7whh3zu4ql5rvpg044lyk6cuu7v48cf2,,14113150,14114553.01,0.9999005985,10562840
BPSCOSMOS,,JAILED,cosmosvaloper1yyhjumfj2lvsgzwhvk6fcezgwu6q70d0j59hlf,cosmos1yyhjumfj2lvsgzwhvk6fcezgwu6q70d0hq3zn6,,12183796,12185014.5,0.9999,10562840
unicorn-ethermat-1,,JAILED,cosmosvaloper1z3xngnvpyt33dlhrsmcz6pwd4fp47uem9545ed,cosmos1z3xngnvpyt33dlhrsmcz6pwd4fp47uemqqpp47,,11294998,11294998,1,10562840
FreeValidator,,JAILED,cosmosvaloper1eez6ks7upkjf8w3eaz0vah7x3d8zkade0mwn3f,cosmos1eez6ks7upkjf8w3eaz0vah7x3d8zkade206xa6,,11004401,11005501,0.99990005,10562840
MyCointainer,,Inactive,cosmosvaloper1pxsmjzan4u833l5s72pzamlurcgk2g5m65xjlj,cosmos1pxsmjzan4u833l5s72pzamlurcgk2g5mlqj8np,,10699018,10703208.61,0.9996084721,10562840
tester,,Inactive,cosmosvaloper19yn9qg7gffzdj8t2zxfhwqdcjj8fzxt2ztzgzu,cosmos19yn9qg7gffzdj8t2zxfhwqdcjj8fzxt28lkaw0,,10460000,10460000,1,10562840
ChainPartners,,JAILED,cosmosvaloper174glllafa668rcr2qzf5m0844ve60h0urf3h6u,cosmos174glllafa668rcr2qzf5m0844ve60h0uxa9zk0,,9999003,10000003,0.9999,10562840
PlatON,,JAILED,cosmosvaloper1asazdfn60g4nakccc9leh37du0946l5fnnluy6,cosmos1asazdfn60g4nakccc9leh37du0946l5fk8tfgf,,9989100,9990000,0.9999099099,10562840
OG,,JAILED,cosmosvaloper188z55862zckmn7kuwg94sl3nw9ta9pqt3xectq,cosmos188z55862zckmn7kuwg94sl3nw9ta9pqt5jdd8n,,9977226,9979218.857,0.9998002993,10562840
reverrb_labs,,Inactive,cosmosvaloper1yett23jzwxpykht9ayf7u7qglvrd76ewz2f9l3,cosmos1yett23jzwxpykht9ayf7u7qglvrd76ew87asnz,,9000000,9000000,1,10562840
EON,,JAILED,cosmosvaloper1r6cwek6596vqzky4fezhy29qcdlv06d2laa2pk,cosmos1r6cwek6596vqzky4fezhy29qcdlv06d26ffld9,,8399567,8400267.016,0.9999166674,10562840
----------=üõ∏=----------,,JAILED,cosmosvaloper1n9juyach9xvnsnkeale4kc4kjgaedvsape5vf3,cosmos1n9juyach9xvnsnkeale4kc4kjgaedvsaydqe9z,,8167632,8168426.685,0.9999027126,10562840
SlowMistZone,,JAILED,cosmosvaloper1p7n5agmrptr43t9te27tz7c4tnpw2dj3s4p6jm,cosmos1p7n5agmrptr43t9te27tz7c4tnpw2dj34p407g,,8100221,8101030.097,0.9999001242,10562840
DLINODES.COM,,JAILED,cosmosvaloper1k4mtqv0y964set0ayr8e09r54mpqs4xfw0ysew,cosmos1k4mtqv0y964set0ayr8e09r54mpqs4xftms94a,,6978081,6983664.855,0.9992004406,10562840
CosmosPool.org,,JAILED,cosmosvaloper1ps7dmygt4wm72t8l9kdjetelhggsv8w77mdh33,cosmos1ps7dmygt4wm72t8l9kdjetelhggsv8w7m0ezaz,,6846624,7208412.697,0.9498102132,10562840
Public Payments,,JAILED,cosmosvaloper1t00q7dp0wslx34kee4elz496ts2uqlwphz860l,cosmos1t00q7dp0wslx34kee4elz496ts2uqlwpjkn0rv,,6196953,6198771.608,0.999706618,10562840
Sir Francis Node | 100% Carbon Compensated,,Inactive,cosmosvaloper1aj76wlhlf7rsru38crq9qn7ygyy00f9c7lxz49,cosmos1aj76wlhlf7rsru38crq9qn7ygyy00f9cmtjhek,,6070589,6070589,1,10562840
*% Fee - Mpress üöÄ,,Inactive,cosmosvaloper1zmr5mglwkkru7m3q8sxcg66gxr508v6h6lv8fg,cosmos1zmr5mglwkkru7m3q8sxcg66gxr508v6hltcj9m,,4373508,4373508,1,10562840
FishKing,,JAILED,cosmosvaloper1hwu4wp5y47d2ntm3std5xeygqnqua3ekcpzp0v,cosmos1hwu4wp5y47d2ntm3std5xeygqnqua3eka4k5rl,,3999600,4000000,0.9999,10562840
O'Leary Labs,,JAILED,cosmosvaloper1dcf60vccyvqewnnm7sq5prrrrd98fzwruj2ntp,cosmos1dcf60vccyvqewnnm7sq5prrrrd98fzwrex7x8j,,3999600,4000000,0.9999,10562840
suyuuuuuuu,,JAILED,cosmosvaloper1qa8jpt4kuqq73vgen2w7julkelgursygqx4y69,cosmos1qa8jpt4kuqq73vgen2w7julkelgursyg9jp3kk,,3899700,3900000,0.9999230769,10562840
Gentarium Validator,,JAILED,cosmosvaloper1skhguug7ffln3wekpmjmnnneu8wqfg3yk2uchv,cosmos1skhguug7ffln3wekpmjmnnneu8wqfg3yn7gdml,,3499402,3500001,0.9998288572,10562840
PeopleNode,,JAILED,cosmosvaloper1xsum5hdkcckumzx8ajf3j8upr8w0vs8gcvw0dc,cosmos1xsum5hdkcckumzx8ajf3j8upr8w0vs8gac66pt,,3199700,3200000,0.99990625,10562840
ATOMI,,JAILED,cosmosvaloper1kculeejzmnac8lezfpg9ulkj5gfy5tuf9ez29w,cosmos1kculeejzmnac8lezfpg9ulkj5gfy5tufqdklfa,,3042311,3042311,1,10562840
NodeStake.top,,Inactive,cosmosvaloper19f0w9svr905fhefusyx4z8sf83j6et0g9l5yhl,cosmos19f0w9svr905fhefusyx4z8sf83j6et0gqtq3mv,,3000094,3000094,1,10562840
OurLink | ValidatorNode,,Inactive,cosmosvaloper14cqu95wlx54dzujzkyd0023t8g73ll7jpfm3pc,cosmos14cqu95wlx54dzujzkyd0023t8g73ll7jya0ydt,,3000000,3000000,1,10562840
CosmosOne,,JAILED,cosmosvaloper1pexrxk6s9aznl8ap2g8jr87ktc3a7dd8xf0etj,cosmos1pexrxk6s9aznl8ap2g8jr87ktc3a7dd8ramv8p,,2999935,3000234.839,0.9999000614,10562840
ether-one,,JAILED,cosmosvaloper1rn4gt0kphuqsdk7lu7m65gylv75q3ml4y6ns0j,cosmos1rn4gt0kphuqsdk7lu7m65gylv75q3ml4pw89rp,,2999900,3000200.02,0.9999,10562840
cosmosgbt,,JAILED,cosmosvaloper16ddmnhsxkjh6xt4n2xk36d56pndvjxcn6gffpm,cosmos16ddmnhsxkjh6xt4n2xk36d56pndvjxcnluaudg,,2999700,3000000,0.9999,10562840
walletapibeta,,,cosmosvaloper1pmdxquuver2aj60rac8efqc87yk6tu0usuwar6,cosmos1pmdxquuver2aj60rac8efqc87yk6tu0u4g6g0f,,2799803,2800001.168,0.9999292259,10562840
codeb2cc,,,cosmosvaloper1u5lcptf9kpw6psqg5xyr80t5d9l70lvcyg555w,cosmos1u5lcptf9kpw6psqg5xyr80t5d9l70lvcpuqpca,,2499802,2500000,0.9999208,10562840
Neptune Stake (TSXV:DASH),,,cosmosvaloper1k447djp2qrfk8pl44vd02qdlld2asjeepjxsep,cosmos1k447djp2qrfk8pl44vd02qdlld2asjeeyxj94j,,2446329,2446329,1,10562840
Comdex,,,cosmosvaloper1ncp4h8ckha4c6lel5wktclt4yrz4t896qawm7z,cosmos1ncp4h8ckha4c6lel5wktclt4yrz4t8969f6wj3,,2143097,2143310.664,0.999900311,10562840
test-pl-validator,,,cosmosvaloper1vulhv3det93gr20dmm32zlt3y3qgx8srk0thaf,cosmos1vulhv3det93gr20dmm32zlt3y3qgx8srnmlz36,,2100000,2100000,1,10562840
DECOMMISSIONED,,,cosmosvaloper1rfpar0qx3umnhu0f6wjp4hvnr3x6u5389e094j,cosmos1rfpar0qx3umnhu0f6wjp4hvnr3x6u538qdmsep,,2000540,2000540,1,10562840
„Åì„ÅÆÁ¥†Êô¥„Çâ„Åó„ÅÑ‰∏ñÁïå„Å´Á•ùÁ¶è„Çí,,,cosmosvaloper1urtpxwfuu8k57aqt0h5zhsvmjt4m2mmdr0juzg,cosmos1urtpxwfuu8k57aqt0h5zhsvmjt4m2mmdxmxfwm,,1999840,2000000,0.99992,10562840
anonym.ninja,,,cosmosvaloper1c5n3z6ju8e07pqmmxcn4hkqn69d8kmvq5nxnxa,cosmos1c5n3z6ju8e07pqmmxcn4hkqn69d8kmvq38jx2w,,1999800,2000000,0.9999,10562840
Darth Validator,,,cosmosvaloper1emw2f9auxyy532klzc5rkkfampgmn5ywftnv7l,cosmos1emw2f9auxyy532klzc5rkkfampgmn5ywvl8ejv,,1999800,2000000,0.9999,10562840
discontinued,,,cosmosvaloper1wrxkqna8w5ldl3twgmyne6fvt9hsfgmksrjwlj,cosmos1wrxkqna8w5ldl3twgmyne6fvt9hsfgmk4hxmnp,,1999800,2000000,0.9999,10562840
Militaires Sans Fronti√®res,,,cosmosvaloper1gdqqf8f6wsdvgnevly7q62ez0tmfn0lm9smxws,cosmos1gdqqf8f6wsdvgnevly7q62ez0tmfn0lmqy0nzr,,1999800,2000000,0.9999,10562840
mrinal,,,cosmosvaloper1nta8dt082qts2uldz2c2at6xmx8wpdwhld0mdh,cosmos1nta8dt082qts2uldz2c2at6xmx8wpdwh6emwpy,,1999800,2000100.01,0.9998500025,10562840
nexus,,,cosmosvaloper1jmd8vcja8f7vqypxh0rceucrkt9hgsxk4kt5ad,cosmos1jmd8vcja8f7vqypxh0rceucrkt9hgsxkszlp37,,1999800,2000000,0.9999,10562840
terraform_staging_03,,,cosmosvaloper1r9lxkpqre6j4487ut882xchgr7rdtx3x76gtdp,cosmos1r9lxkpqre6j4487ut882xchgr7rdtx3xmwu7pj,,1999800,2000000,0.9999,10562840
quichxh,,,cosmosvaloper1p2mc677uxl8qfn5a9j3n9q67ja9ue3nq2zk43s,cosmos1p2mc677uxl8qfn5a9j3n9q67ja9ue3nq0kzqar,,1908250,1908250,1,10562840
consensus_networks,,,cosmosvaloper16lsdqdqcz7yywd82dtrt4nmf2u3peq4ukc8ap8,cosmos16lsdqdqcz7yywd82dtrt4nmf2u3peq4unvngd5,,1899815,1900003.959,0.9999005481,10562840
SpacePotato,,,cosmosvaloper1up3slj4nr5y23gxkvqn8h5ra9mv0pj2vrh0djk,cosmos1up3slj4nr5y23gxkvqn8h5ra9mv0pj2vxrmc79,,1700000,1700000,1,10562840
üò¥,,,cosmosvaloper1tjwad66qx72xyr3ydcyascrgdyhee58y5x6zdc,cosmos1tjwad66qx72xyr3ydcyascrgdyhee58y3jwhpt,,1526726,1526726,1,10562840
StakeHouse,,,cosmosvaloper1l6udzyaz8xaxv4hpagwauacm95jlcec3xlht2u,cosmos1l6udzyaz8xaxv4hpagwauacm95jlcec3rtr7x0,,1506336,1506485.623,0.9999006807,10562840
terminet,,,cosmosvaloper1cmuw9xw9pmu7y4077py92ptdaelexutn36pc6w,cosmos1cmuw9xw9pmu7y4077py92ptdaelexutn5w4dka,,1500000,1500000,1,10562840
BitMax Staking,,,cosmosvaloper10wz6lfhmqfw6egg0062ytnawaj6vr89ly5g4yg,cosmos10wz6lfhmqfw6egg0062ytnawaj6vr89lpquqgm,,1489558,1490151.971,0.9996014023,10562840
Alphemy Capital,,,cosmosvaloper16zgjnqxryhq2kftfuv8urp50x0xwt5dagemhfl,cosmos16zgjnqxryhq2kftfuv8urp50x0xwt5dadd0z9v,,1311646,1311774.642,0.999901933,10562840
AgoraNodes,,,cosmosvaloper1zgw8kzwl9na7egn7l9u8d6e2vtf0tvs896relx,cosmos1zgw8kzwl9na7egn7l9u8d6e2vtf0tvs8qwhvn4,,1230000,1230000,1,10562840
heaven,,,cosmosvaloper1w0494h0l4mneaq7ajkrcjvn73m2n04l87j2nst,cosmos1w0494h0l4mneaq7ajkrcjvn73m2n04l8mx7xuc,,1169369,1169953.858,0.9995001019,10562840
LiebiPool,,,cosmosvaloper1jjstwduq89rzkw4qcsk0q7d4ycq5ktmqd7nrmg,cosmos1jjstwduq89rzkw4qcsk0q7d4ycq5ktmqg28khm,,1120799,1120904.696,0.9999057048,10562840
derekC,,,cosmosvaloper1y8eg24xd5kw789t56pqsf3qakkakhgx3xxc7ff,cosmos1y8eg24xd5kw789t56pqsf3qakkakhgx3rjvt96,,1100000,1100000,1,10562840
axepool,,,cosmosvaloper1sx8wwjyzxsu02mkld488nps8p8anlsr47ygka5,cosmos1sx8wwjyzxsu02mkld488nps8p8anlsr4msur38,,1099900,1100000,0.9999090909,10562840
My Basement Validator,,,cosmosvaloper1lc4wdzlvryg7fk9fc39d3yceu56gv4ea4jet3z,cosmos1lc4wdzlvryg7fk9fc39d3yceu56gv4easxd7a3,,1099900,1100000,0.9999090909,10562840
cosmos-hub.com,,,cosmosvaloper16j5uk7zt8kha0w4637h36kuxrmlarrg0qfwlgz,cosmos16j5uk7zt8kha0w4637h36kuxrmlarrg09a62y3,,1090900,1091000,0.999908341,10562840
Atom Sandler,,,cosmosvaloper1cql9ska0xl2rkg6gcv0np4333gn6fygs55asrs,cosmos1cql9ska0xl2rkg6gcv0np4333gn6fygs3qf90r,,1063756,1063861.358,0.9999009666,10562840
fishegg.net,,,cosmosvaloper159eexl76jlygrxnfreehl3j9tt70d8wfnn39fw,cosmos159eexl76jlygrxnfreehl3j9tt70d8wfk89s9a,,1039364,1039556.781,0.9998145545,10562840
offline,,,cosmosvaloper12knqu4ecmg0982plzs9m9f5jareh0cvegcw3wu,cosmos12knqu4ecmg0982plzs9m9f5jareh0cvedv6yz0,,1014988,1014988,1,10562840
DUAL.systems,,,cosmosvaloper1kmvhdc3p57q4pwsn2txaluvuxfugeg39zqj783,cosmos1kmvhdc3p57q4pwsn2txaluvuxfugeg3985xttz,,1010811,1011112.111,0.999702198,10562840
KiKi Finance,,,cosmosvaloper1tzp2tz0w2eld69jhmyvlalcrjez3tw9g3hzd00,cosmos1tzp2tz0w2eld69jhmyvlalcrjez3tw9g5rkcru,,1010000,1010000,1,10562840
kreios,,,cosmosvaloper1rl23sesp9qc7j9cmntl75v3uu4zetjxnuqskea,cosmos1rl23sesp9qc7j9cmntl75v3uu4zetjxne5yr4w,,1009900,1009900,1,10562840
WALLAKIA,,,cosmosvaloper143g8ag20zg42z7h2j3dszw52ac6alyv876p2q8,cosmos143g8ag20zg42z7h2j3dszw52ac6alyv8mw4lv5,,1009900,1010000,0.9999009901,10562840
Staker Space,,,cosmosvaloper1crf28v52ptkygcw07kr79rw8dme7v2m2sy0p0p,cosmos1crf28v52ptkygcw07kr79rw8dme7v2m24sm5rj,,1004344,1004344,1,10562840
infstones,,,cosmosvaloper1hj795mnfrvesljfw7kev938tagumezammnasa3,cosmos1hj795mnfrvesljfw7kev938tagumezam78f93z,,1000100,1000100,1,10562840
Deprecated,,,cosmosvaloper16m93gjfqvnjajzrfyszml8qm92a0w67nwxrca7,cosmos16m93gjfqvnjajzrfyszml8qm92a0w67ntjhd3d,,1000088,1000088,1,10562840
Simply VC Genesis,,,cosmosvaloper1vjqault583hwktfj63k2hh7r02sj2a66fmvzqz,cosmos1vjqault583hwktfj63k2hh7r02sj2a66v0chv3,,1000016,1000016,1,10562840
ghost,,,cosmosvaloper1vz0clw0mqw5cjvmk38hg6nakkmvwugxrrhjhkg,cosmos1vz0clw0mqw5cjvmk38hg6nakkmvwugxrxrxz6m,,1000003,1000181.989,0.9998210439,10562840
ChainPool,,,cosmosvaloper1cf9yqlamxgeza4nsn7y08vpkcs7qqjp46k6s3t,cosmos1cf9yqlamxgeza4nsn7y08vpkcs7qqjp4lzw9ac,,1000001,1000001,1,10562840
Dude's Node Abides,,,cosmosvaloper193qmr3zvz0s6g4ngez5euja7ynwrwx8amer9qt,cosmos193qmr3zvz0s6g4ngez5euja7ynwrwx8a7dhsvc,,1000001,1000001,1,10562840
KuCoin,yes,,cosmosvaloper157qezau9xnzypse3vu2vhs7r4ee83fdecew0fz,cosmos157qezau9xnzypse3vu2vhs7r4ee83fdead6693,VOTE_NIL,1000001,1000001,1,10562840
Appeal2Heaven,,,cosmosvaloper1skhpmqtr8nw2takaduwh4ve5zk9pm5h5tnwlsx,cosmos1skhpmqtr8nw2takaduwh4ve5zk9pm5h5w862u4,,1000000,1000000,1,10562840
Aquanode,,,cosmosvaloper1hw236j2f6ny4kc5r0dsy53avvxj25hpfaw2pl8,cosmos1hw236j2f6ny4kc5r0dsy53avvxj25hpfc675n5,,1000000,1000000,1,10562840
Bajun,,,cosmosvaloper1ylz6tqpgz0flpl6h5szmj6mmzyr598rqu936th,cosmos1ylz6tqpgz0flpl6h5szmj6mmzyr598rqe3908y,,1000000,1000000,1,10562840
BitStack-0,,,cosmosvaloper1zk49r55txl9a7nttjcsqjrg5lus8hckkhgzez7,cosmos1zk49r55txl9a7nttjcsqjrg5lus8hckkjukvwd,,1000000,1000000,1,10562840
Blofin,,,cosmosvaloper16t2500p3la7zj6793zqa4an247mgqmhgpwfq4c,cosmos16t2500p3la7zj6793zqa4an247mgqmhgy6a4et,,1000000,1000000,1,10562840
CEX.IO ‚ù§Ô∏èüá∫üá¶,yes,https://cex.io/,cosmosvaloper1yw5s259jkcg0jzmh7sce29uk0lqqw2ump7578p,cosmos1yw5s259jkcg0jzmh7sce29uk0lqqw2umy2qttj,VOTE_NIL,1000000,1000000,1,10562840
Coinpayu,,,cosmosvaloper1nths3ruxgdthfxx3y8d4a9wfq5a2mkwhvc3k8g,cosmos1nths3ruxgdthfxx3y8d4a9wfq5a2mkwhfv9rtm,,1000000,1000000,1,10562840
ColmenaSvQüêù,,,cosmosvaloper16gdxm24ht2mxtpz9cma6tr6a6d47x63h65p52c,cosmos16gdxm24ht2mxtpz9cma6tr6a6d47x63hlq4pxt,,1000000,1000000,1,10562840
dummy,,,cosmosvaloper1xfx3pgwyq60jr4xp4z3l3h7xvxh40z4zu6xh9h,cosmos1xfx3pgwyq60jr4xp4z3l3h7xvxh40z4zewjzfy,,1000000,1000000,1,10562840
endgame,,,cosmosvaloper1awqm5sweq0z3uyl49ge7rcxpd5lpeln3ldnapc,cosmos1awqm5sweq0z3uyl49ge7rcxpd5lpeln36e8gdt,,1000000,1000000,1,10562840
Event Horizon,,,cosmosvaloper177cagfvevhhr4uv7fhw3n79e0jv8e96cdyc3wd,cosmos177cagfvevhhr4uv7fhw3n79e0jv8e96cgsvyz7,,1000000,1000000,1,10562840
hy-hydrogen,,,cosmosvaloper1lapm2cq4qjrl4fm5xcftfhg245m63d307y6u7j,cosmos1lapm2cq4qjrl4fm5xcftfhg245m63d30mswfjp,,1000000,1000000,1,10562840
InActive,,,cosmosvaloper1jgczjsz3tugudsutektmr9z9lmv8u6vy0l2de7,cosmos1jgczjsz3tugudsutektmr9z9lmv8u6vy2t7c4d,,1000000,1000000,1,10562840
jeco-validator,,,cosmosvaloper1gthj23tp74rcfr4rhjrspvgy4vt4zxfew5jlxe,cosmos1gthj23tp74rcfr4rhjrspvgy4vt4zxfetqx222,,1000000,1000000,1,10562840
Oldcat,,,cosmosvaloper1kcyzayulrznla8dsf099t4ezzuqtnxay6y6xdv,cosmos1kcyzayulrznla8dsf099t4ezzuqtnxaylswnpl,,1000000,1000000,1,10562840
raullenchaix,,,cosmosvaloper1zhunuh23rvhm95j0cwe8dhx3ka4chpz93vl8ep,cosmos1zhunuh23rvhm95j0cwe8dhx3ka4chpz95ctj4j,,1000000,1000000,1,10562840
SenseiNode,,,cosmosvaloper18kannwa9p5kgxj8xtf9yl9ys5hvt3wptlj87nc,cosmos18kannwa9p5kgxj8xtf9yl9ys5hvt3wpt6xntlt,,1000000,1000000,1,10562840
SOLOMINING,,,cosmosvaloper18geu56wqva2pmqm6sf6vpqr38pdfpp7j6xmze4,cosmos18geu56wqva2pmqm6sf6vpqr38pdfpp7jlj0h4x,,1000000,1000000,1,10562840
Spacebot,,,cosmosvaloper1zwrav6vq7a9g37vwt6nl8ra63hhc20emsmvyp5,cosmos1zwrav6vq7a9g37vwt6nl8ra63hhc20em40c3d8,,1000000,1000000,1,10562840
test,,,cosmosvaloper19vgwu99fdawejnedgsfx8dmxuc0z4emj0eaf8p,cosmos19vgwu99fdawejnedgsfx8dmxuc0z4emj2dfutj,,1000000,1000000,1,10562840
windpowerstake,,,cosmosvaloper1am80fauk3gnzcr76ylg0yju4f0chen5xke6pwk,cosmos1am80fauk3gnzcr76ylg0yju4f0chen5xndw5z9,,1000000,1000000,1,10562840
SpaceTimeContinuum,,,cosmosvaloper1tr5var87ga3fyy9d0r76uurpmkfm05rg37xacn,cosmos1tr5var87ga3fyy9d0r76uurpmkfm05rg52jg5q,,999921,1000020.001,0.9999010011,10562840
Cosmoon,,,cosmosvaloper1402ggxz5u6vm29sqztwqq8vxs3ke6dmwl2z5dk,cosmos1402ggxz5u6vm29sqztwqq8vxs3ke6dmw67kpp9,,999913,1000110.002,0.99980302,10562840
ms-stage,,,cosmosvaloper19tfkpy26wpdanzjqwag8yyxsygsxgwzsqxmnuw,cosmos19tfkpy26wpdanzjqwag8yyxsygsxgwzs9j0xsa,,999910,1000000.743,0.9999092569,10562840
cosmos-sta,,,cosmosvaloper1khnuwdpnyv6utvqx3plt3x6makh3rc9tv0wvv9,cosmos1khnuwdpnyv6utvqx3plt3x6makh3rc9tfm6eqk,,999908,1000000.349,0.9999076511,10562840
btd,,,cosmosvaloper17zcpywlhgcpk7ff505vr8mnc4wwpv5fcta6enz,cosmos17zcpywlhgcpk7ff505vr8mnc4wwpv5fcwfwvl3,,999905,1000004.9,0.9999001002,10562840
good boi node,,,cosmosvaloper1g48qthza73rv7rl3t823sxp0539k47c7k8fjqp,cosmos1g48qthza73rv7rl3t823sxp0539k47c7nna8vj,,999903,1000000.338,0.9999026619,10562840
deleteme,,,cosmosvaloper1dt4h3hn9zpxvm2t26erf96aaszp3va2wkq28ez,cosmos1dt4h3hn9zpxvm2t26erf96aaszp3va2wn57j43,,999902,1000000.19,0.99990181,10562840
bigone-pool,,,cosmosvaloper1vzvx9zq9czxedvtsvwdtxuslsn67q2vmvr9wej,cosmos1vzvx9zq9czxedvtsvwdtxuslsn67q2vmfh3m4p,,999900,1000000,0.9999,10562840
biki-cosval,,,cosmosvaloper10m2qyuzp2smf4wqpfzhvlrun9vnf7ts8c72akw,cosmos10m2qyuzp2smf4wqpfzhvlrun9vnf7ts8a27g6a,,999900,1000000,0.9999,10562840
BlockPool,,,cosmosvaloper18algml7fg04amyhz0ss5h9m92k5g3ldwvd4fk3,cosmos18algml7fg04amyhz0ss5h9m92k5g3ldwfepu6z,,999900,1000000,0.9999,10562840
BlockPool.com,,,cosmosvaloper1n5xufj0753hvhv6q09f5lh29s57epnrl59lpp6,cosmos1n5xufj0753hvhv6q09f5lh29s57epnrl33t5df,,999900,1000000,0.9999,10562840
blocktest,,,cosmosvaloper1vsc7v43kmz7m8kpcxlwwjysa72k5u5gpknu57h,cosmos1vsc7v43kmz7m8kpcxlwwjysa72k5u5gpn8gpjy,,999900,1000000,0.9999,10562840
blocktest111,,,cosmosvaloper1v34d48p2z8mttnly3n9es2aqsqkem9pr6f0fdy,cosmos1v34d48p2z8mttnly3n9es2aqsqkem9prlamuph,,999900,1000000,0.9999,10562840
Deperacated,,,cosmosvaloper1jw8ett8uzrvjjhfcyajwcnckfl64npwxvlz2q8,cosmos1jw8ett8uzrvjjhfcyajwcnckfl64npwxftklv5,,999900,1000000,0.9999,10562840
Gundam Stake,,,cosmosvaloper1dm9tz58y5mvw85yrjv7h979lnf9ckc445tzrzx,cosmos1dm9tz58y5mvw85yrjv7h979lnf9ckc443lkkw4,,999900,1000000,0.9999,10562840
liwei,,,cosmosvaloper1prvhg36trh0y7dajrlny6h9qhp0cpwh0nl3p7k,cosmos1prvhg36trh0y7dajrlny6h9qhp0cpwh0kt95j9,,999900,1000000,0.9999,10562840
regen-validator,,,cosmosvaloper150g2n4ypex05nla65j6akz38n9tu4quu8nna3h,cosmos150g2n4ypex05nla65j6akz38n9tu4quuz88gay,,999900,1000000,0.9999,10562840
SpaceXPool,,,cosmosvaloper1j2ytk05qyx40twttvtph5ytes7lmhgshpuk50d,cosmos1j2ytk05qyx40twttvtph5ytes7lmhgshygzpr7,,999900,1000000,0.9999,10562840
terraformstaging,,,cosmosvaloper1cyvspwjvnedc9s5j759zezufrwf7esfpe48agy,cosmos1cyvspwjvnedc9s5j759zezufrwf7esfpupngyh,,999900,1000000,0.9999,10562840
test,,,cosmosvaloper12etdez5nurn9avdjrnuezzttck59s0spsx4xea,cosmos12etdez5nurn9avdjrnuezzttck59s0sp4jpn4w,,999900,1000000,0.9999,10562840
Valid8r,,,cosmosvaloper1yvvkkmzh8zs4z4v7gzn0ux8ag0me79ec58pw35,cosmos1yvvkkmzh8zs4z4v7gzn0ux8ag0me79ec3n4ma8,,999900,1000000,0.9999,10562840
mr.tukutuku validator,,,cosmosvaloper1cew4f2acglytrdsdewk7kv3v8ycxd89z28jel6,cosmos1cew4f2acglytrdsdewk7kv3v8ycxd89z0nxvnf,,999801,1000000.715,0.9998002851,10562840
SB Wallet,,,cosmosvaloper1zccyq99s2pcu3tjrpmlhyfcr0fpekpz2yggk66,cosmos1zccyq99s2pcu3tjrpmlhyfcr0fpekpz2puurkf,,999800,999899.99,0.9999,10562840
‚Äúcosmix‚Äù,,,cosmosvaloper1f0v0acmunaddacaxdmz5ykh3026c9xvqgnqquy,cosmos1f0v0acmunaddacaxdmz5ykh3026c9xvqd854sh,,850000,850000,1,10562840
bantest,,,cosmosvaloper1w6em34qympp59ecdu4ef4f5elcdlyp787tahxd,cosmos1w6em34qympp59ecdu4ef4f5elcdlyp78mlfz27,,500000,500000,1,10562840
blockscape,,,cosmosvaloper19v9ej55ataqrfl39v83pf4e0dm69u89rngf928,cosmos19v9ej55ataqrfl39v83pf4e0dm69u89rkuasx5,,475008,500005.9566,0.9500046824,10562840
MYW,,,cosmosvaloper1yedl70266zcpmcnzzhr0fmm3aklgrjsyzg0rwl,cosmos1yedl70266zcpmcnzzhr0fmm3aklgrjsy8umkzv,,310003,310003,1,10562840
Bumblebee__üêù,,,cosmosvaloper1hf8a9yg6yswtj8lgchlr76mcenj2nd7a0e6z0z,cosmos1hf8a9yg6yswtj8lgchlr76mcenj2nd7a2dwhr3,,267101,267126.6875,0.9999038377,10562840
Fission Labs,,,cosmosvaloper1e0jnq2sun3dzjh8p2xq95kk0expwmd7sj6x59m,cosmos1e0jnq2sun3dzjh8p2xq95kk0expwmd7shwjpfg,,250000,250000,1,10562840
MEET.ONE,,,cosmosvaloper1u724thtn8z47nw9nvel367m3qh0gqnxe4g555a,cosmos1u724thtn8z47nw9nvel367m3qh0gqnxesuqpcw,,228834,228834,1,10562840
vNodes Validators | Shutting down - please redelagate,,,cosmosvaloper1j9kcwdayaktu4ma4jeqq67t2tfze5pnu6fpk8q,cosmos1j9kcwdayaktu4ma4jeqq67t2tfze5pnula4rtn,,120000,120000,1,10562840
üöÄ NOMIC.ONE üèû,,,cosmosvaloper18kz84x6fv7ep7xvme8x2e4254t404efvhjqst8,cosmos18kz84x6fv7ep7xvme8x2e4254t404efvjx5985,VOTE_NIL,100000,100000,1,10562840
test,,,cosmosvaloper190r3wrl2jexq9hyahl4pd5wz66rrt4wpuavdxa,cosmos190r3wrl2jexq9hyahl4pd5wz66rrt4wpefcc2w,,100000,100000,1,10562840
IZ*ONE,,,cosmosvaloper19ggkjc5slg5gphf92yrvusr3jc702h4tfz6nvn,cosmos19ggkjc5slg5gphf92yrvusr3jc702h4tvkwxqq,,60102,60102,1,10562840
Deactivated,,,cosmosvaloper1d7ufwp2rgfj7s7pfw2q7vm2lc9txmr8vh77ztr,cosmos1d7ufwp2rgfj7s7pfw2q7vm2lc9txmr8vj22h8s,,33637,33637,1,10562840
topool,,,cosmosvaloper17cy09npjq4sylkt56kwcuqcd74hlxj3fq4hwjd,cosmos17cy09npjq4sylkt56kwcuqcd74hlxj3f9prm77,,19311,19319.89549,0.9995395683,10562840
test2,,,cosmosvaloper12w5u5f0r27j0q0ywv5kwqslnc0yvza57qfezr4,cosmos12w5u5f0r27j0q0ywv5kwqslnc0yvza579adh0x,,10300,10300,1,10562840
Test111,,,cosmosvaloper1hxxzr9kaekelt84u4zus5mkxpwesrfxylc6gve,cosmos1hxxzr9kaekelt84u4zus5mkxpwesrfxy6vwaq2,,10000,10000,1,10562840
SG_NODE,,,cosmosvaloper106kt5cmued596rqusmthfnh39h38k64e73fxce,cosmos106kt5cmued596rqusmthfnh39h38k64em9an52,,641,641,1,10562840
pa_os_test,,,cosmosvaloper1xxjvzwjpsf6ktuffkcpx29ut9qfrn0my8xdtqd,cosmos1xxjvzwjpsf6ktuffkcpx29ut9qfrn0myzje7v7,,560,280.0280028,1.9998,10562840
touzicosmos,,,cosmosvaloper18cphtqx7c6kmjuwvtfvge0dtf8nxm8j9x6p4kz,cosmos18cphtqx7c6kmjuwvtfvge0dtf8nxm8j9rw4q63,,501,500.050005,1.0018998,10562840
ys-validator,,,cosmosvaloper1yvwqd5rdtuaw25mcqhz794dvgq9k9yeh8mjcdh,cosmos1yvwqd5rdtuaw25mcqhz794dvgq9k9yehz0xdpy,,6,5.26313349,1.140005286,10562840
Mr.Robotü§ñÔ∏è,,,cosmosvaloper1ke26kzj9qsvp8qy39dzrhf0rvhtd807c456kmu,cosmos1ke26kzj9qsvp8qy39dzrhf0rvhtd807csqwrh0,,1,1,1,10562840
,,,,,,,,,
,,,,,,,,,
Validators after height 10562840,,,,,,,,,
Latent Iron,,100% commission,,,VOTE_NIL,,,,
Upbit Staking,,,,,VOTE_NIL,,,,
COS_Validator,,,,,VOTE_NIL,,,,
BitValidator,,looks like whales/investors,,,VOTE_NIL,,,,
Silk Nodes,,,,,VOTE_NIL,,,,
Oni ‚õ©Ô∏è,,,,,VOTE_NIL,,,,
BlockHunters üéØ,,,,,VOTE_NIL,,,,
Synclub,,,,,VOTE_NIL,,,,
Republic Crypto,,,,,VOTE_NIL,,,,
Bro_n_Bro,,,,,VOTE_NIL,,,,
Don Cryptonium,,,,,VOTE_NIL,,,,